,loss,acc,val_loss,val_acc
0,4.366544961929321,0.0,4.407549142837524,0.0
1,4.433427095413208,0.046875,4.549771308898926,0.046875
2,4.696211814880371,0.015625,4.589493274688721,0.046875
3,4.369795322418213,0.046875,4.555447340011597,0.0
4,4.45193338394165,0.0,4.469298839569092,0.0
5,4.216086387634277,0.0625,4.4175238609313965,0.0
6,4.393097877502441,0.0625,4.320337772369385,0.046875
7,4.350454092025757,0.015625,4.233324766159058,0.046875
8,4.350593566894531,0.0,4.1610107421875,0.09375
9,4.206099033355713,0.046875,4.125046253204346,0.09375
10,4.2328009605407715,0.0625,4.105493068695068,0.046875
11,4.236840486526489,0.03125,4.095396280288696,0.03125
12,4.161123991012573,0.046875,4.0908026695251465,0.15625
13,4.133516311645508,0.046875,4.087846755981445,0.09375
14,4.158852577209473,0.046875,4.090798616409302,0.078125
15,4.119278907775879,0.046875,4.101356029510498,0.078125
16,4.104343414306641,0.078125,4.112384080886841,0.078125
17,4.035479784011841,0.109375,4.1089465618133545,0.046875
18,4.09699559211731,0.046875,4.095226764678955,0.015625
19,4.1956787109375,0.046875,4.073957443237305,0.046875
20,4.013262987136841,0.125,4.04289698600769,0.046875
21,4.045887470245361,0.09375,4.017737984657288,0.078125
22,4.086518287658691,0.078125,3.977166533470154,0.109375
23,4.0944671630859375,0.03125,3.9322736263275146,0.140625
24,3.962027072906494,0.078125,3.8862931728363037,0.109375
25,3.9168249368667603,0.109375,3.8298757076263428,0.140625
26,3.99615740776062,0.0625,3.7829654216766357,0.15625
27,4.054769515991211,0.0,3.7480021715164185,0.125
28,4.041957378387451,0.0625,3.747584104537964,0.140625
29,3.8284215927124023,0.140625,3.7370285987854004,0.109375
30,3.7854039669036865,0.109375,3.7260451316833496,0.171875
31,3.77957546710968,0.109375,3.6848738193511963,0.1875
32,3.7169742584228516,0.140625,3.672334671020508,0.1875
33,3.8141305446624756,0.140625,3.6257961988449097,0.15625
34,3.683845043182373,0.09375,3.555862784385681,0.1875
35,3.833436369895935,0.078125,3.5088475942611694,0.1875
36,3.5494801998138428,0.171875,3.5298932790756226,0.15625
37,3.5231587886810303,0.1875,3.5837589502334595,0.125
38,3.6349146366119385,0.078125,3.5573179721832275,0.109375
39,3.437570095062256,0.125,3.4926114082336426,0.109375
40,3.8016942739486694,0.109375,3.4678863286972046,0.09375
41,3.8032912015914917,0.09375,3.408348798751831,0.125
42,3.4004123210906982,0.125,3.358242630958557,0.203125
43,3.4050798416137695,0.15625,3.3516488075256348,0.203125
44,3.329148292541504,0.1875,3.3156585693359375,0.1875
45,3.153163433074951,0.234375,3.2788151502609253,0.15625
46,3.5264893770217896,0.078125,3.238487124443054,0.21875
47,3.3585652112960815,0.1875,3.2203181982040405,0.140625
48,3.445324420928955,0.109375,3.2111268043518066,0.109375
49,3.206261396408081,0.203125,3.2485857009887695,0.1875
50,3.3450567722320557,0.15625,3.325524091720581,0.140625
51,3.35694420337677,0.140625,3.347264051437378,0.125
52,3.4423458576202393,0.109375,3.2437793016433716,0.15625
53,3.362733840942383,0.078125,3.184844732284546,0.1875
54,3.217662811279297,0.1875,3.154038429260254,0.203125
55,3.4211567640304565,0.140625,3.1454473733901978,0.1875
56,3.261478900909424,0.15625,3.1295965909957886,0.1875
57,3.143422484397888,0.1875,3.131986379623413,0.203125
58,3.18157422542572,0.171875,3.129790782928467,0.1875
59,3.2308623790740967,0.171875,3.119797468185425,0.234375
60,3.1023690700531006,0.1875,3.1475415229797363,0.25
61,3.197278380393982,0.1875,3.2060588598251343,0.1875
62,3.1726295948028564,0.140625,3.1906802654266357,0.171875
63,3.027447819709778,0.1875,3.1266818046569824,0.09375
64,3.2424046993255615,0.203125,3.1106441020965576,0.109375
65,3.1114165782928467,0.21875,3.077739715576172,0.171875
66,2.8612855672836304,0.3125,3.021655559539795,0.171875
67,2.8659884929656982,0.234375,2.963790774345398,0.15625
68,2.876853585243225,0.171875,2.9603248834609985,0.1875
69,3.0515341758728027,0.25,2.948212146759033,0.171875
70,2.9467028379440308,0.265625,2.95133900642395,0.1875
71,3.0937912464141846,0.15625,2.934370756149292,0.234375
72,3.1747151613235474,0.171875,2.965449810028076,0.21875
73,2.8450393676757812,0.1875,2.966547966003418,0.21875
74,3.347707986831665,0.09375,2.9313546419143677,0.21875
75,3.0167407989501953,0.21875,2.9251304864883423,0.25
76,2.834794759750366,0.265625,2.9293289184570312,0.25
77,2.9157698154449463,0.25,2.9477730989456177,0.203125
78,3.040878415107727,0.21875,2.906617045402527,0.15625
79,2.9576860666275024,0.21875,2.7915592193603516,0.21875
80,2.8355730772018433,0.21875,2.740046739578247,0.234375
81,2.7707971334457397,0.25,2.7251384258270264,0.28125
82,2.941633105278015,0.25,2.7061504125595093,0.25
83,2.993577718734741,0.1875,2.683766007423401,0.234375
84,2.8292428255081177,0.234375,2.666206955909729,0.3125
85,2.574572205543518,0.34375,2.6310449838638306,0.296875
86,2.755993127822876,0.28125,2.638856887817383,0.265625
87,2.7451599836349487,0.265625,2.6440171003341675,0.28125
88,2.518693208694458,0.296875,2.6792049407958984,0.265625
89,2.4964922666549683,0.4375,2.758681297302246,0.3125
90,2.6355079412460327,0.25,2.834804892539978,0.25
91,2.5460236072540283,0.296875,2.7462592124938965,0.265625
92,2.669895052909851,0.25,2.6220569610595703,0.296875
93,2.516394019126892,0.28125,2.527214527130127,0.359375
94,2.7119953632354736,0.3125,2.542862892150879,0.3125
95,3.0032368898391724,0.1875,2.5659751892089844,0.328125
96,3.1023519039154053,0.28125,2.525287389755249,0.3125
97,2.5627485513687134,0.296875,2.547522783279419,0.3125
98,2.6832019090652466,0.25,2.583622694015503,0.265625
99,2.5103129148483276,0.265625,2.561676025390625,0.265625
100,2.4827768802642822,0.25,2.55422043800354,0.28125
101,2.4578611850738525,0.265625,2.579506516456604,0.265625
102,2.5949517488479614,0.359375,2.5801122188568115,0.234375
103,2.6819690465927124,0.296875,2.532342791557312,0.28125
104,2.7713712453842163,0.265625,2.5089356899261475,0.3125
105,2.7092673778533936,0.28125,2.4772168397903442,0.28125
106,2.764435648918152,0.34375,2.389920711517334,0.40625
107,2.666224956512451,0.21875,2.3206182718276978,0.40625
108,2.4392008781433105,0.28125,2.3026763200759888,0.421875
109,2.672849655151367,0.203125,2.3201942443847656,0.390625
110,2.6834057569503784,0.28125,2.3425530195236206,0.40625
111,2.9359439611434937,0.21875,2.3940515518188477,0.390625
112,2.8254698514938354,0.1875,2.453374147415161,0.359375
113,2.5527037382125854,0.296875,2.4705538749694824,0.328125
114,2.6284449100494385,0.34375,2.5584099292755127,0.296875
115,2.6857781410217285,0.328125,2.590500593185425,0.265625
116,2.5812532901763916,0.296875,2.5930397510528564,0.3125
117,2.6205402612686157,0.234375,2.5198246240615845,0.34375
118,2.526521682739258,0.328125,2.5154123306274414,0.328125
119,2.4254419803619385,0.375,2.525903582572937,0.328125
120,2.301192283630371,0.4375,2.4894793033599854,0.328125
121,2.560509204864502,0.296875,2.531445860862732,0.28125
122,2.5818625688552856,0.28125,2.5557219982147217,0.28125
123,2.4194469451904297,0.3125,2.5069963932037354,0.265625
124,2.840481996536255,0.234375,2.394501805305481,0.390625
125,2.4906352758407593,0.359375,2.3252928256988525,0.359375
126,2.5854506492614746,0.328125,2.2860968112945557,0.40625
127,2.381413221359253,0.390625,2.24933660030365,0.359375
128,2.2121423482894897,0.375,2.215271472930908,0.40625
129,2.548666000366211,0.296875,2.2967900037765503,0.390625
130,2.3990697860717773,0.3125,2.4407846927642822,0.359375
131,2.24029803276062,0.40625,2.429713726043701,0.328125
132,2.458485722541809,0.34375,2.4279956817626953,0.265625
133,2.3405197858810425,0.328125,2.467255115509033,0.3125
134,2.517551064491272,0.28125,2.549702286720276,0.25
135,2.4180209636688232,0.34375,2.546246290206909,0.265625
136,2.4470402002334595,0.3125,2.452092409133911,0.28125
137,2.57352077960968,0.328125,2.3618383407592773,0.265625
138,2.473195433616638,0.375,2.3822782039642334,0.296875
139,2.6060314178466797,0.296875,2.3766024112701416,0.359375
140,2.822382926940918,0.234375,2.3077590465545654,0.328125
141,2.489107370376587,0.328125,2.339677095413208,0.328125
142,2.388243556022644,0.390625,2.398492455482483,0.34375
143,2.2299293279647827,0.421875,2.406915068626404,0.34375
144,2.5971713066101074,0.28125,2.4160549640655518,0.375
145,2.7033092975616455,0.28125,2.39812695980072,0.34375
146,2.6164162158966064,0.3125,2.3478000164031982,0.328125
147,2.266652226448059,0.375,2.344780206680298,0.3125
148,2.361321449279785,0.34375,2.3833632469177246,0.328125
149,2.2850183248519897,0.390625,2.400557041168213,0.34375
150,2.1657397747039795,0.40625,2.398319363594055,0.34375
151,2.2564095854759216,0.390625,2.3478612899780273,0.328125
152,1.9349257946014404,0.484375,2.2793986797332764,0.3125
153,2.4505929946899414,0.359375,2.283429503440857,0.34375
154,2.1670502424240112,0.4375,2.3192728757858276,0.34375
155,2.203265905380249,0.375,2.3537278175354004,0.3125
156,2.508965849876404,0.375,2.354020118713379,0.328125
157,2.2035189867019653,0.40625,2.2748993635177612,0.296875
158,2.3660918474197388,0.34375,2.197568416595459,0.359375
159,2.383084774017334,0.34375,2.1710305213928223,0.359375
160,2.3897690773010254,0.375,2.1972830295562744,0.34375
161,2.4975626468658447,0.3125,2.2114522457122803,0.3125
162,2.4162827730178833,0.375,2.2484172582626343,0.265625
163,2.3301990032196045,0.375,2.266829252243042,0.265625
164,2.323954939842224,0.375,2.1939189434051514,0.375
165,2.160152792930603,0.40625,2.1359392404556274,0.375
166,2.200100064277649,0.359375,2.151545763015747,0.359375
167,2.399293065071106,0.296875,2.229447603225708,0.359375
168,2.237912654876709,0.34375,2.2533150911331177,0.375
169,2.164285957813263,0.453125,2.2103488445281982,0.375
170,2.5186129808425903,0.390625,2.2225841283798218,0.359375
171,2.2969058752059937,0.34375,2.2467334270477295,0.34375
172,2.0652555227279663,0.421875,2.2995680570602417,0.328125
173,1.8451762199401855,0.5,2.3302319049835205,0.390625
174,1.9083956480026245,0.484375,2.286164343357086,0.390625
175,2.3362083435058594,0.328125,2.224456548690796,0.375
176,1.840494155883789,0.40625,2.188995838165283,0.328125
177,2.0906238555908203,0.390625,2.1112977266311646,0.375
178,2.1231417655944824,0.5,2.1150436401367188,0.421875
179,2.543312907218933,0.3125,2.106880784034729,0.421875
180,2.37743878364563,0.4375,2.117642402648926,0.4375
181,1.7392853498458862,0.484375,2.2510786056518555,0.375
182,2.0042437314987183,0.484375,2.344448447227478,0.34375
183,2.1758506298065186,0.359375,2.3644145727157593,0.359375
184,2.135287046432495,0.40625,2.341101288795471,0.25
185,2.062075197696686,0.421875,2.3703094720840454,0.203125
186,2.2719109058380127,0.34375,2.3066638708114624,0.25
187,2.3530325293540955,0.359375,2.1875457763671875,0.359375
188,1.8806659579277039,0.5,2.184264898300171,0.421875
189,2.246182084083557,0.390625,2.236945152282715,0.421875
190,2.3363512754440308,0.34375,2.158787250518799,0.40625
191,2.193124532699585,0.375,2.0744057297706604,0.40625
192,2.2239410877227783,0.390625,2.0018181800842285,0.390625
193,2.6388421058654785,0.25,1.9681020975112915,0.46875
194,2.0792701840400696,0.40625,1.976406991481781,0.46875
195,2.6884266138076782,0.296875,2.0616772174835205,0.484375
196,2.315361976623535,0.421875,2.08614444732666,0.40625
197,2.252111315727234,0.375,2.1135165691375732,0.40625
198,1.9665321111679077,0.40625,2.20373797416687,0.40625
199,2.2514020204544067,0.40625,2.2579779624938965,0.359375
200,2.0355173349380493,0.328125,2.2392525672912598,0.390625
201,2.2226892709732056,0.40625,2.1697884798049927,0.390625
202,2.3177638053894043,0.390625,2.153635025024414,0.40625
203,2.0540707111358643,0.453125,2.1736702919006348,0.40625
204,2.115504503250122,0.34375,2.1712777614593506,0.390625
205,2.001124620437622,0.453125,2.1907459497451782,0.359375
206,2.4769721031188965,0.34375,2.2080971002578735,0.390625
207,2.0213595628738403,0.46875,2.2350361347198486,0.390625
208,2.482936978340149,0.359375,2.1638067960739136,0.421875
209,2.0920872688293457,0.46875,2.060942769050598,0.453125
210,2.3368165493011475,0.375,1.9832664728164673,0.4375
211,1.5977752208709717,0.515625,1.9423861503601074,0.4375
212,2.193633198738098,0.34375,1.888437032699585,0.53125
213,2.159519076347351,0.40625,1.9031658172607422,0.515625
214,2.0622740387916565,0.4375,1.975046157836914,0.515625
215,1.8677476644515991,0.46875,2.02849805355072,0.46875
216,1.9942583441734314,0.359375,2.150216519832611,0.4375
217,2.1086299419403076,0.40625,2.205532670021057,0.390625
218,2.2075052857398987,0.4375,2.2386069297790527,0.359375
219,1.7902807593345642,0.4375,2.2491586208343506,0.359375
220,1.8623165488243103,0.515625,2.2033169269561768,0.390625
221,2.625475764274597,0.25,2.068096160888672,0.46875
222,1.9795784950256348,0.453125,2.000649094581604,0.453125
223,2.1653149127960205,0.453125,2.036484718322754,0.4375
224,2.276384711265564,0.375,1.9857528805732727,0.484375
225,2.423839807510376,0.265625,1.9609719514846802,0.46875
226,1.8210662603378296,0.46875,1.9692211151123047,0.46875
227,1.9263172149658203,0.4375,1.9936780333518982,0.484375
228,2.2435975074768066,0.375,2.0602646470069885,0.46875
229,2.3597832918167114,0.359375,2.159492015838623,0.453125
230,1.8688006401062012,0.484375,2.220754861831665,0.40625
231,2.0983355045318604,0.390625,2.228046417236328,0.390625
232,2.09909451007843,0.40625,2.218787908554077,0.3125
233,2.0710997581481934,0.375,2.1787339448928833,0.328125
234,1.8157299757003784,0.515625,2.1445637941360474,0.359375
235,2.0488606691360474,0.40625,2.108790874481201,0.390625
236,1.9800304174423218,0.46875,2.0770431756973267,0.453125
237,1.8950178623199463,0.5,2.0636070370674133,0.375
238,1.8425609469413757,0.546875,2.0838281512260437,0.40625
239,2.080867886543274,0.46875,2.1359200477600098,0.390625
240,2.0283526182174683,0.328125,2.127561092376709,0.390625
241,2.0356271266937256,0.390625,2.0249804258346558,0.4375
242,2.0954760313034058,0.375,1.9598612785339355,0.390625
243,1.9780490398406982,0.515625,1.9686840176582336,0.390625
244,2.273111581802368,0.359375,1.9500449895858765,0.390625
245,1.904419481754303,0.5,1.9766477346420288,0.421875
246,2.011517643928528,0.453125,1.9841599464416504,0.40625
247,1.8792057037353516,0.5,1.9657283425331116,0.390625
248,2.3227065801620483,0.34375,1.9385606050491333,0.40625
249,1.762890875339508,0.46875,1.940335750579834,0.40625
250,2.1660348773002625,0.40625,1.9693375825881958,0.40625
251,2.048703134059906,0.4375,2.0576233863830566,0.421875
252,2.144232451915741,0.359375,2.078912615776062,0.4375
253,1.9697871208190918,0.453125,2.047155976295471,0.40625
254,1.9060682654380798,0.46875,2.043556869029999,0.375
255,1.9852562546730042,0.46875,2.056981325149536,0.359375
256,1.7332064509391785,0.546875,2.108149230480194,0.40625
257,1.9315612316131592,0.46875,2.133057177066803,0.40625
258,1.7980722784996033,0.515625,2.14278781414032,0.4375
259,1.643036425113678,0.5,2.166258931159973,0.40625
260,1.7352659106254578,0.453125,2.0675225257873535,0.421875
261,1.7758960723876953,0.515625,1.9577423334121704,0.46875
262,2.0357199907302856,0.53125,1.8896999955177307,0.5
263,2.276741862297058,0.453125,1.8755499720573425,0.5625
264,1.9990651607513428,0.453125,1.9202178120613098,0.546875
265,1.5904968976974487,0.453125,2.046703577041626,0.46875
266,1.5830667614936829,0.5,2.2019013166427612,0.4375
267,2.0368732810020447,0.328125,2.1903998851776123,0.4375
268,1.6637989282608032,0.5,2.1048927307128906,0.390625
269,1.6991897821426392,0.5,2.0381304025650024,0.40625
270,2.2009040117263794,0.390625,1.9827357530593872,0.40625
271,2.1380672454833984,0.328125,1.8939207792282104,0.453125
272,1.8454636335372925,0.453125,1.8851736783981323,0.5
273,1.5516078472137451,0.625,1.9810881614685059,0.484375
274,2.272099494934082,0.390625,1.9763524532318115,0.5
275,1.8266791701316833,0.46875,1.87223482131958,0.515625
276,1.8163387775421143,0.453125,1.7606449723243713,0.5625
277,1.7289785742759705,0.515625,1.7387176752090454,0.53125
278,2.2533106803894043,0.4375,1.7241962552070618,0.546875
279,2.078862249851227,0.421875,1.7961713671684265,0.5
280,1.9191232919692993,0.46875,1.8836572766304016,0.421875
281,1.8490763902664185,0.484375,1.9750936627388,0.40625
282,1.8279750347137451,0.515625,2.0599506497383118,0.328125
283,2.128552198410034,0.4375,2.0627121925354004,0.390625
284,1.8320308327674866,0.4375,2.022942543029785,0.46875
285,1.7669203281402588,0.46875,1.9648431539535522,0.484375
286,1.8838039636611938,0.484375,1.970535159111023,0.484375
287,2.0325276255607605,0.421875,1.9415374994277954,0.515625
288,2.105876863002777,0.390625,1.9169180393218994,0.5
289,2.0733373165130615,0.421875,1.9440817832946777,0.453125
290,1.9015796184539795,0.4375,1.9831457138061523,0.4375
291,2.114993929862976,0.421875,2.018180012702942,0.46875
292,2.0365320444107056,0.40625,2.0053077340126038,0.484375
293,2.0540562868118286,0.421875,1.9333537817001343,0.5
294,1.9986132979393005,0.375,1.8766106367111206,0.484375
295,1.7116100788116455,0.5,1.838806390762329,0.515625
296,2.191307544708252,0.40625,1.816569209098816,0.515625
297,1.8895120024681091,0.390625,1.8518765568733215,0.5
298,1.6489425897598267,0.53125,1.9101712107658386,0.515625
299,1.9558001160621643,0.34375,1.9609540700912476,0.546875
300,1.6177170872688293,0.5,1.9865251779556274,0.453125
301,1.904502809047699,0.46875,2.0160629749298096,0.40625
302,2.0130138397216797,0.453125,2.042082190513611,0.421875
303,1.793215811252594,0.453125,1.9935152530670166,0.4375
304,1.610015332698822,0.53125,1.8770021796226501,0.5625
305,2.1187154054641724,0.375,1.832174837589264,0.53125
306,2.0077329874038696,0.46875,1.831828773021698,0.53125
307,2.0108906030654907,0.359375,1.8289045691490173,0.53125
308,1.9982320070266724,0.46875,1.8311442136764526,0.515625
309,1.9811673760414124,0.453125,1.825091004371643,0.53125
310,1.5087211728096008,0.546875,1.8419361114501953,0.53125
311,1.6810967326164246,0.53125,1.8799542784690857,0.46875
312,2.32527756690979,0.375,1.9128039479255676,0.421875
313,2.0812727212905884,0.453125,1.909608006477356,0.4375
314,1.727966547012329,0.546875,1.903777837753296,0.421875
315,2.0681129097938538,0.484375,1.9016602635383606,0.46875
316,1.5893852710723877,0.546875,1.8879892230033875,0.484375
317,1.6523498892784119,0.453125,1.8996554613113403,0.515625
318,1.6862300038337708,0.5625,1.9349955916404724,0.5
319,1.7740728259086609,0.5,1.934548258781433,0.46875
320,1.766703486442566,0.484375,1.953977346420288,0.40625
321,1.8267452716827393,0.546875,2.0027748346328735,0.484375
322,1.8140951991081238,0.453125,2.0419992208480835,0.453125
323,1.7590713500976562,0.5625,2.086836576461792,0.40625
324,1.9148752689361572,0.484375,2.073998987674713,0.359375
325,1.837343692779541,0.53125,1.9361311197280884,0.421875
326,2.021353244781494,0.40625,1.8273377418518066,0.546875
327,1.902432918548584,0.453125,1.7934797406196594,0.515625
328,2.012118935585022,0.40625,1.8250575065612793,0.46875
329,1.7638702988624573,0.5,1.8476420044898987,0.421875
330,1.676222026348114,0.546875,1.841013491153717,0.40625
331,1.8292369842529297,0.484375,1.8393471240997314,0.484375
332,1.6137733459472656,0.5,1.8087056875228882,0.453125
333,1.8475834727287292,0.4375,1.7529353499412537,0.46875
334,1.818333923816681,0.484375,1.7583990693092346,0.421875
335,1.7045235633850098,0.5625,1.8606675267219543,0.421875
336,1.8617191910743713,0.4375,1.9150432348251343,0.40625
337,1.927051067352295,0.46875,2.0049303770065308,0.390625
338,1.79336279630661,0.390625,1.978740930557251,0.375
339,1.8754361867904663,0.453125,1.9314303398132324,0.40625
340,1.6425879001617432,0.40625,1.919769287109375,0.40625
341,1.4223784804344177,0.609375,1.909271478652954,0.453125
342,1.5310943722724915,0.53125,1.907065987586975,0.484375
343,1.8609601855278015,0.453125,1.8482424020767212,0.5
344,1.4480814933776855,0.515625,1.7721086740493774,0.515625
345,1.630018413066864,0.53125,1.759655773639679,0.546875
346,1.8988794684410095,0.53125,1.7637043595314026,0.53125
347,1.6397734880447388,0.5625,1.7511003017425537,0.53125
348,1.8129087686538696,0.546875,1.7823926210403442,0.53125
349,1.41215318441391,0.546875,1.8842473030090332,0.515625
350,1.485998809337616,0.53125,2.0698145031929016,0.484375
351,1.7226392030715942,0.5,2.1660656929016113,0.453125
352,1.6657105684280396,0.515625,2.1550666093826294,0.4375
353,1.7114790678024292,0.484375,2.0879799127578735,0.4375
354,2.110026240348816,0.40625,1.9771470427513123,0.4375
355,1.6323240995407104,0.53125,1.8964383602142334,0.4375
356,1.5865461230278015,0.484375,1.8567436933517456,0.453125
357,1.5933731198310852,0.484375,1.8760014176368713,0.46875
358,1.9718323349952698,0.484375,1.8584946393966675,0.5
359,1.6737783551216125,0.53125,1.8058249950408936,0.515625
360,1.7226392030715942,0.484375,1.724955976009369,0.484375
361,1.794023036956787,0.46875,1.6763562560081482,0.515625
362,2.021903336048126,0.421875,1.6091000437736511,0.515625
363,1.848841905593872,0.46875,1.6484262347221375,0.515625
364,1.7456507682800293,0.515625,1.7147719860076904,0.484375
365,1.7523396611213684,0.53125,1.7676959037780762,0.5
366,1.7736220359802246,0.515625,1.795214295387268,0.484375
367,1.553477704524994,0.546875,1.833853542804718,0.46875
368,1.937308430671692,0.390625,1.8596672415733337,0.5
369,1.5282415747642517,0.5625,1.8348284363746643,0.53125
370,1.4975380301475525,0.671875,1.8206802010536194,0.5
371,1.9350160360336304,0.453125,1.7655328512191772,0.515625
372,1.630841612815857,0.484375,1.756786823272705,0.53125
373,1.9361774325370789,0.484375,1.8178305625915527,0.53125
374,1.4929450750350952,0.546875,1.8855607509613037,0.5
375,2.0256398916244507,0.484375,1.9244070053100586,0.46875
376,1.6192516088485718,0.5625,1.8932603597640991,0.4375
377,1.9217370748519897,0.453125,1.799175500869751,0.484375
378,1.7258568406105042,0.40625,1.7127988934516907,0.53125
379,1.5659005045890808,0.515625,1.6754910945892334,0.578125
380,1.5804470777511597,0.578125,1.6589264869689941,0.578125
381,1.7162604928016663,0.46875,1.6984546184539795,0.578125
382,1.4766092896461487,0.5625,1.745102047920227,0.59375
383,1.616295337677002,0.5625,1.785808265209198,0.546875
384,1.717103123664856,0.5,1.841001272201538,0.53125
385,1.6958565711975098,0.484375,1.9556269645690918,0.484375
386,1.704801619052887,0.578125,1.959263563156128,0.46875
387,1.4101355075836182,0.5,1.8489850163459778,0.484375
388,1.8027977347373962,0.46875,1.7365686297416687,0.546875
389,2.0712168216705322,0.40625,1.6990710496902466,0.515625
390,1.5642609596252441,0.515625,1.7461079955101013,0.53125
391,1.8517615795135498,0.484375,1.8313984274864197,0.515625
392,1.6567984223365784,0.46875,1.8593519926071167,0.515625
393,1.879881501197815,0.5,1.8262099027633667,0.53125
394,1.6953882575035095,0.484375,1.8189958333969116,0.53125
395,1.6582317352294922,0.546875,1.8532732725143433,0.53125
396,1.905381679534912,0.4375,1.897793173789978,0.46875
397,1.9614177346229553,0.484375,1.8931329846382141,0.4375
398,1.4345458149909973,0.609375,1.8809671998023987,0.46875
399,1.8009818196296692,0.515625,1.8941646814346313,0.484375
400,1.5583205223083496,0.484375,1.8913639187812805,0.4375
401,1.6209627985954285,0.578125,1.8760106563568115,0.453125
402,1.5554503798484802,0.53125,1.8674647808074951,0.484375
403,1.7174403071403503,0.453125,1.834100604057312,0.484375
404,1.6117978692054749,0.515625,1.8224727511405945,0.484375
405,1.8557558059692383,0.546875,1.877642571926117,0.4375
406,1.6543346047401428,0.546875,1.9306221008300781,0.4375
407,1.9302911162376404,0.453125,1.9971359372138977,0.4375
408,1.5498567819595337,0.5625,2.0066240429878235,0.453125
409,1.7871069312095642,0.484375,1.8588171005249023,0.4375
410,1.7183343768119812,0.546875,1.7731397151947021,0.515625
411,1.840192437171936,0.4375,1.7404956817626953,0.5
412,1.6681731343269348,0.515625,1.7357551455497742,0.515625
413,1.7937345504760742,0.484375,1.7034698128700256,0.515625
414,1.4827553033828735,0.59375,1.6949414014816284,0.5
415,1.845002293586731,0.546875,1.6690407991409302,0.453125
416,1.603656828403473,0.546875,1.6995363235473633,0.515625
417,1.516438901424408,0.53125,1.7360661029815674,0.5625
418,1.7764308452606201,0.375,1.7299522161483765,0.5
419,1.7831144332885742,0.453125,1.7263582348823547,0.515625
420,1.6721808910369873,0.4375,1.7578666806221008,0.484375
421,1.3644070029258728,0.59375,1.7851808667182922,0.484375
422,1.9292411804199219,0.4375,1.8545000553131104,0.453125
423,1.5705764889717102,0.515625,1.9130869507789612,0.421875
424,1.3749295473098755,0.609375,1.9769832491874695,0.4375
425,1.305262804031372,0.546875,1.9989680647850037,0.4375
426,1.3419633507728577,0.515625,1.984229326248169,0.4375
427,1.4841103553771973,0.609375,1.9306461811065674,0.46875
428,1.841872215270996,0.5,1.7915735244750977,0.53125
429,1.653424620628357,0.59375,1.7065280675888062,0.546875
430,1.923613965511322,0.546875,1.6792241334915161,0.546875
431,1.5722399353981018,0.453125,1.6716949343681335,0.578125
432,1.5329018831253052,0.5625,1.7286434769630432,0.515625
433,1.1680490970611572,0.625,1.8456857800483704,0.5
434,1.6171737909317017,0.484375,1.9612626433372498,0.484375
435,1.5491455793380737,0.578125,1.9213351011276245,0.46875
436,1.577217698097229,0.546875,1.8318047523498535,0.453125
437,1.6173961758613586,0.59375,1.7748104333877563,0.46875
438,1.737080693244934,0.515625,1.781165897846222,0.484375
439,1.417020320892334,0.5625,1.7961645722389221,0.453125
440,1.7429571747779846,0.453125,1.7561687231063843,0.484375
441,1.2717159986495972,0.578125,1.7702174186706543,0.484375
442,1.5310167074203491,0.5625,1.7780324220657349,0.546875
443,1.691746473312378,0.46875,1.7408908605575562,0.53125
444,1.7346607446670532,0.546875,1.6601866483688354,0.53125
445,1.71136474609375,0.484375,1.5971041321754456,0.578125
446,1.8958324193954468,0.453125,1.586089551448822,0.5625
447,1.7872956991195679,0.515625,1.6082573533058167,0.515625
448,1.4734684824943542,0.484375,1.6937393546104431,0.46875
449,1.7415897250175476,0.53125,1.7506979703903198,0.484375
450,1.4227206707000732,0.640625,1.7831713557243347,0.546875
451,1.78640478849411,0.5,1.8243379592895508,0.546875
452,1.3753397464752197,0.625,1.8428226113319397,0.515625
453,1.4534404277801514,0.546875,1.8368878960609436,0.53125
454,1.671948492527008,0.515625,1.7890015244483948,0.5625
455,1.670863926410675,0.453125,1.7169280052185059,0.53125
456,1.694448471069336,0.5,1.7100577354431152,0.5625
457,1.4433767795562744,0.53125,1.737936556339264,0.53125
458,1.8512251377105713,0.453125,1.7755454778671265,0.53125
459,1.8543118238449097,0.484375,1.7995139956474304,0.53125
460,1.6778016090393066,0.484375,1.7816457748413086,0.53125
461,1.8172792792320251,0.484375,1.7040020823478699,0.5625
462,1.4676938652992249,0.59375,1.64228355884552,0.578125
463,1.5622597932815552,0.515625,1.6115580201148987,0.5625
464,1.5099159479141235,0.546875,1.6161154508590698,0.5625
465,1.4472169280052185,0.578125,1.6753241419792175,0.546875
466,1.3343372344970703,0.640625,1.7645043730735779,0.546875
467,1.704743504524231,0.546875,1.7991584539413452,0.53125
468,1.4078449606895447,0.59375,1.8198952674865723,0.484375
469,1.8708367347717285,0.453125,1.8360421657562256,0.484375
470,1.613773226737976,0.53125,1.8304874300956726,0.5
471,1.4906865358352661,0.5,1.804823875427246,0.46875
472,1.6722503304481506,0.5625,1.7830324172973633,0.5
473,1.6336376070976257,0.421875,1.757213056087494,0.515625
474,1.5903111696243286,0.578125,1.7063460946083069,0.546875
475,1.8607630729675293,0.46875,1.6820477843284607,0.546875
476,1.6513803601264954,0.46875,1.6989339590072632,0.546875
477,1.4222570061683655,0.59375,1.7141084671020508,0.59375
478,1.7217096090316772,0.5,1.6938626766204834,0.5625
479,1.433939516544342,0.578125,1.7562545537948608,0.53125
480,1.805237591266632,0.53125,1.8117022514343262,0.5
481,1.8744971752166748,0.4375,1.7806622385978699,0.515625
482,1.402609646320343,0.5625,1.7551671266555786,0.53125
483,1.5932775139808655,0.625,1.7529323101043701,0.53125
484,1.3707237243652344,0.546875,1.7653511762619019,0.515625
485,1.5489821434020996,0.515625,1.7578486800193787,0.484375
486,1.198379635810852,0.671875,1.7751230597496033,0.484375
487,1.4895299673080444,0.515625,1.7497240900993347,0.46875
488,1.2869443893432617,0.65625,1.767856776714325,0.453125
489,1.392719030380249,0.625,1.8316020965576172,0.5
490,1.8134297132492065,0.46875,1.8800039887428284,0.5
491,1.4665074348449707,0.5625,1.90200275182724,0.46875
492,1.6089943051338196,0.609375,1.8694510459899902,0.484375
493,1.7187359929084778,0.59375,1.7511557340621948,0.5
494,1.6499667763710022,0.46875,1.6891437768936157,0.5
495,1.5568771958351135,0.5625,1.6811075806617737,0.484375
496,1.8646454215049744,0.46875,1.6785975098609924,0.515625
497,1.2703446745872498,0.59375,1.6487693190574646,0.5
498,1.5868334770202637,0.5625,1.6391454935073853,0.578125
499,1.3775935769081116,0.65625,1.6612181067466736,0.515625
500,1.4802917838096619,0.578125,1.679723858833313,0.453125
501,1.7065674662590027,0.546875,1.7813221216201782,0.5
502,1.6408733129501343,0.515625,1.8522661328315735,0.46875
503,1.3423636555671692,0.609375,1.8801568746566772,0.484375
504,1.9130706191062927,0.4375,1.8248817920684814,0.46875
505,1.4038418531417847,0.65625,1.7726425528526306,0.46875
506,1.7118989825248718,0.484375,1.7698447704315186,0.453125
507,1.356163740158081,0.625,1.812367022037506,0.453125
508,1.5537598729133606,0.484375,1.884265124797821,0.453125
509,1.2559968829154968,0.65625,1.9808520078659058,0.4375
510,1.5996211171150208,0.515625,1.9913078546524048,0.484375
511,1.320655345916748,0.546875,1.8491382598876953,0.53125
512,1.2297480702400208,0.609375,1.7075936794281006,0.546875
513,1.6506223678588867,0.625,1.6147921085357666,0.53125
514,1.3414816856384277,0.671875,1.5752636790275574,0.609375
515,1.3662654161453247,0.671875,1.58697509765625,0.5625
516,1.5317755937576294,0.484375,1.6025815606117249,0.546875
517,1.1693310737609863,0.625,1.6388880610466003,0.546875
518,1.2461034059524536,0.625,1.7798510789871216,0.515625
519,1.6457360982894897,0.546875,1.9252785444259644,0.484375
520,1.503187358379364,0.546875,1.9808469414710999,0.5
521,1.5626162886619568,0.609375,1.9067814350128174,0.484375
522,1.7875237464904785,0.5,1.8076667189598083,0.484375
523,1.4753572344779968,0.53125,1.7612617015838623,0.5
524,1.4619140028953552,0.515625,1.7586420774459839,0.515625
525,1.4459662437438965,0.578125,1.7859095931053162,0.546875
526,1.7839627265930176,0.4375,1.7442201972007751,0.53125
527,1.5149887800216675,0.5625,1.6864203214645386,0.515625
528,1.326020896434784,0.5625,1.638447344303131,0.515625
529,1.655338704586029,0.546875,1.5762646198272705,0.5
530,1.7599999904632568,0.4375,1.5167927742004395,0.546875
531,1.5076149702072144,0.59375,1.506454885005951,0.5625
532,1.2539340257644653,0.640625,1.5588325262069702,0.546875
533,1.6335652470588684,0.546875,1.583104133605957,0.53125
534,1.3747435808181763,0.671875,1.6070157885551453,0.53125
535,1.3737661838531494,0.65625,1.702323079109192,0.515625
536,1.2383285760879517,0.671875,1.7643784284591675,0.515625
537,1.4173327684402466,0.609375,1.737640619277954,0.5625
538,1.6108412742614746,0.546875,1.6817033290863037,0.609375
539,1.3873592615127563,0.609375,1.6705721020698547,0.5625
540,1.5840495228767395,0.46875,1.7236208319664001,0.546875
541,1.376570224761963,0.578125,1.808621883392334,0.515625
542,1.9359524846076965,0.46875,1.8272002339363098,0.5625
543,1.3022969961166382,0.625,1.7825077772140503,0.578125
544,1.5360875129699707,0.484375,1.786313235759735,0.5625
545,1.709642469882965,0.46875,1.735172986984253,0.53125
546,1.4787250757217407,0.578125,1.6750741600990295,0.546875
547,1.3163505792617798,0.578125,1.6165120005607605,0.546875
548,1.6024311780929565,0.5,1.6327682733535767,0.53125
549,1.3633533716201782,0.609375,1.691863775253296,0.5625
550,1.3982881307601929,0.578125,1.7425619959831238,0.53125
551,1.5064134001731873,0.53125,1.773038625717163,0.53125
552,1.138812631368637,0.75,1.7789751291275024,0.484375
553,1.466660499572754,0.515625,1.7658541202545166,0.484375
554,1.4387288689613342,0.59375,1.7340993881225586,0.4375
555,1.491526484489441,0.578125,1.6924669742584229,0.515625
556,1.3900150656700134,0.5625,1.681736409664154,0.5625
557,1.5179190635681152,0.5625,1.661715567111969,0.578125
558,1.5116453170776367,0.5625,1.6208852529525757,0.53125
559,1.6287784576416016,0.453125,1.5762584209442139,0.5625
560,1.5650375485420227,0.515625,1.6186188459396362,0.59375
561,1.3920578956604004,0.640625,1.6903545260429382,0.5625
562,1.1144269108772278,0.59375,1.7269455790519714,0.5625
563,1.6863662004470825,0.5,1.7575963139533997,0.484375
564,1.4164867997169495,0.609375,1.82840895652771,0.453125
565,1.40098375082016,0.625,1.849151372909546,0.484375
566,1.4936861991882324,0.5,1.8232338428497314,0.46875
567,1.235889196395874,0.609375,1.794106364250183,0.5
568,1.2685585618019104,0.578125,1.7620974779129028,0.578125
569,1.3827190399169922,0.5,1.7530906796455383,0.59375
570,1.5389394164085388,0.5,1.7275457382202148,0.5625
571,1.2560586333274841,0.578125,1.661329746246338,0.5625
572,1.4795090556144714,0.59375,1.6306897401809692,0.546875
573,1.3101717233657837,0.546875,1.6311443448066711,0.5625
574,1.4482929110527039,0.640625,1.704019010066986,0.484375
575,1.6146015524864197,0.578125,1.8273221254348755,0.46875
576,1.5180237293243408,0.53125,1.8195712566375732,0.46875
577,1.6306993961334229,0.546875,1.7646667957305908,0.484375
578,1.494770586490631,0.5625,1.68397456407547,0.546875
579,1.3679261207580566,0.640625,1.6333935856819153,0.546875
580,1.5544025301933289,0.546875,1.6001626253128052,0.53125
581,1.5950830578804016,0.5625,1.5433056354522705,0.546875
582,1.3494101166725159,0.546875,1.4826732873916626,0.5625
583,1.2639264464378357,0.671875,1.4802604913711548,0.578125
584,1.4562281370162964,0.5625,1.5354949235916138,0.59375
585,1.4357441663742065,0.5625,1.643110990524292,0.578125
586,1.4781383872032166,0.546875,1.7565284967422485,0.5625
587,1.4586079120635986,0.546875,1.8272746801376343,0.515625
588,1.2889922857284546,0.65625,1.8327550292015076,0.421875
589,1.2996747493743896,0.578125,1.8085156083106995,0.46875
590,1.6938035488128662,0.515625,1.7785940766334534,0.40625
591,1.430215060710907,0.53125,1.7315112948417664,0.4375
592,1.158506989479065,0.671875,1.6935248970985413,0.484375
593,1.3439126014709473,0.609375,1.715093195438385,0.484375
594,1.190034806728363,0.71875,1.8569159507751465,0.484375
595,1.0383694767951965,0.6875,1.905034065246582,0.484375
596,1.3790891766548157,0.5625,1.7542204856872559,0.484375
597,1.4048452377319336,0.671875,1.608239471912384,0.5625
598,1.5534332394599915,0.578125,1.5523033142089844,0.59375
599,1.3171894550323486,0.625,1.5627571940422058,0.625
600,1.2959654331207275,0.609375,1.575537383556366,0.578125
601,1.3282232880592346,0.6875,1.6595982313156128,0.546875
602,1.0822777152061462,0.6875,1.7915495038032532,0.46875
603,1.4894019961357117,0.5,1.8804370760917664,0.484375
604,1.4476479887962341,0.59375,1.934670627117157,0.453125
605,1.4830434322357178,0.5625,1.878143310546875,0.484375
606,1.2828306555747986,0.59375,1.7840384244918823,0.5
607,1.2106490731239319,0.640625,1.6943547129631042,0.546875
608,1.3000051975250244,0.59375,1.639072835445404,0.546875
609,1.396171510219574,0.578125,1.6499736309051514,0.578125
610,1.529845416545868,0.515625,1.657610297203064,0.53125
611,1.2391706109046936,0.578125,1.629672646522522,0.53125
612,1.1880334615707397,0.640625,1.5746355056762695,0.515625
613,1.4133815169334412,0.515625,1.5583727359771729,0.578125
614,1.823584794998169,0.453125,1.5705875158309937,0.546875
615,1.3486970663070679,0.625,1.6172763109207153,0.546875
616,1.0624606013298035,0.703125,1.6725518703460693,0.546875
617,1.5098488330841064,0.671875,1.7016011476516724,0.5625
618,1.237385094165802,0.625,1.6828991770744324,0.5625
619,1.0783502757549286,0.6875,1.6995916962623596,0.5625
620,1.5097014904022217,0.578125,1.6931511163711548,0.578125
621,1.1018802523612976,0.703125,1.714024007320404,0.578125
622,1.4142285585403442,0.5,1.722299337387085,0.5625
623,1.5430694222450256,0.546875,1.6945561170578003,0.5625
624,1.890940546989441,0.421875,1.7266199588775635,0.53125
625,1.3463038206100464,0.609375,1.7347577810287476,0.5625
626,1.3185827732086182,0.609375,1.7416673302650452,0.578125
627,1.4158231019973755,0.53125,1.7164263725280762,0.625
628,1.4484129548072815,0.46875,1.654923439025879,0.609375
629,1.6733137369155884,0.5,1.5729765892028809,0.578125
630,1.334047555923462,0.5625,1.54879492521286,0.578125
631,1.3693428039550781,0.609375,1.5559537410736084,0.5625
632,1.5270256400108337,0.53125,1.5875187516212463,0.578125
633,1.1215299367904663,0.65625,1.6455803513526917,0.59375
634,1.441430389881134,0.515625,1.6892271041870117,0.5625
635,1.23273503780365,0.640625,1.709288477897644,0.5625
636,1.1631662845611572,0.640625,1.7257879972457886,0.5625
637,1.4510554075241089,0.484375,1.7159409523010254,0.5
638,1.2979718446731567,0.65625,1.6700711250305176,0.53125
639,1.4944862127304077,0.578125,1.6283451914787292,0.546875
640,1.3909216523170471,0.53125,1.6148699522018433,0.5625
641,1.5234259366989136,0.515625,1.6105687618255615,0.59375
642,1.1752610206604004,0.625,1.60880047082901,0.5625
643,1.3474292159080505,0.609375,1.5982267260551453,0.546875
644,1.5397220849990845,0.515625,1.5723620653152466,0.5625
645,1.23236882686615,0.6875,1.5992909669876099,0.5625
646,1.2209548354148865,0.640625,1.5874913930892944,0.5625
647,1.4598201513290405,0.578125,1.5819830298423767,0.578125
648,1.6984390616416931,0.484375,1.566295087337494,0.59375
649,1.253294825553894,0.578125,1.5692421197891235,0.59375
650,1.2424485087394714,0.6875,1.6036933064460754,0.640625
651,0.8327689170837402,0.796875,1.6676482558250427,0.578125
652,1.2485700845718384,0.625,1.6938812136650085,0.578125
653,1.350335717201233,0.5625,1.6911113262176514,0.546875
654,1.3130656480789185,0.625,1.6829043626785278,0.5625
655,1.3953994512557983,0.609375,1.6562556624412537,0.5625
656,1.1688734889030457,0.671875,1.6533464193344116,0.578125
657,1.3249920010566711,0.59375,1.6789194345474243,0.59375
658,1.7066848874092102,0.578125,1.7160590291023254,0.546875
659,1.3574222326278687,0.609375,1.7713800072669983,0.46875
660,1.2738916277885437,0.609375,1.780316710472107,0.46875
661,1.397230088710785,0.578125,1.7746689319610596,0.46875
662,1.422787606716156,0.515625,1.704576313495636,0.484375
663,1.6163231134414673,0.515625,1.6308119893074036,0.484375
664,1.4227671027183533,0.59375,1.5461034178733826,0.53125
665,1.1989598870277405,0.59375,1.4691630601882935,0.5625
666,1.243310809135437,0.59375,1.464694857597351,0.5625
667,1.4036028385162354,0.5625,1.4622426629066467,0.5625
668,1.4265679121017456,0.578125,1.5100053548812866,0.609375
669,1.3634142875671387,0.546875,1.6182116270065308,0.5625
670,1.4984224438667297,0.546875,1.7369909286499023,0.53125
671,1.1251398622989655,0.65625,1.7948327660560608,0.515625
672,1.2988107204437256,0.59375,1.7849206924438477,0.484375
673,1.2285239696502686,0.6875,1.7659261226654053,0.515625
674,1.5808621644973755,0.53125,1.7322441339492798,0.515625
675,1.3398405313491821,0.609375,1.7181967496871948,0.515625
676,1.1795722842216492,0.609375,1.6936240196228027,0.53125
677,1.3274394273757935,0.6875,1.7027273178100586,0.53125
678,1.0797358751296997,0.6875,1.7502171397209167,0.53125
679,0.9932610988616943,0.65625,1.7566882371902466,0.53125
680,1.5022369027137756,0.578125,1.6952458024024963,0.53125
681,1.3254199624061584,0.578125,1.6187377572059631,0.546875
682,1.2283905446529388,0.703125,1.57722008228302,0.546875
683,1.213350236415863,0.609375,1.5762956738471985,0.5625
684,1.0804246068000793,0.703125,1.6120314002037048,0.53125
685,1.4237921237945557,0.515625,1.6761956810951233,0.515625
686,1.2431071996688843,0.671875,1.7312459349632263,0.515625
687,1.2101883292198181,0.6875,1.8057549595832825,0.515625
688,1.3269909620285034,0.59375,1.901240348815918,0.515625
689,1.2842134237289429,0.625,1.9155430793762207,0.484375
690,1.263336420059204,0.59375,1.8774887919425964,0.46875
691,1.1776372790336609,0.609375,1.7840296626091003,0.484375
692,1.1600845456123352,0.625,1.7028242349624634,0.515625
693,1.2676031589508057,0.625,1.7116459012031555,0.515625
694,1.3695900440216064,0.578125,1.6886457204818726,0.515625
695,1.3166431188583374,0.578125,1.6489549279212952,0.484375
696,1.0755783319473267,0.59375,1.62620609998703,0.5
697,1.4301669895648956,0.578125,1.6288694143295288,0.5
698,1.4783493876457214,0.5,1.5896294116973877,0.546875
699,1.1638965606689453,0.5625,1.5632699131965637,0.578125
700,1.268414556980133,0.671875,1.5681434869766235,0.59375
701,1.289344310760498,0.59375,1.5394978523254395,0.546875
702,1.2737058997154236,0.65625,1.5684157013893127,0.578125
703,1.034917175769806,0.609375,1.6228602528572083,0.546875
704,1.2547122240066528,0.578125,1.6791417002677917,0.578125
705,1.158372163772583,0.703125,1.6951574683189392,0.546875
706,1.3501870036125183,0.609375,1.6401093006134033,0.546875
707,1.2842766642570496,0.609375,1.5814070105552673,0.5625
708,1.3880579471588135,0.578125,1.5562295317649841,0.578125
709,1.4318286776542664,0.546875,1.5764468908309937,0.5625
710,1.486583411693573,0.578125,1.5933494567871094,0.59375
711,1.260345458984375,0.640625,1.5694796442985535,0.578125
712,1.2074054777622223,0.625,1.5487630367279053,0.625
713,1.180937945842743,0.625,1.5334320068359375,0.625
714,1.2120616734027863,0.625,1.4817496538162231,0.5625
715,1.0454536378383636,0.6875,1.4736944437026978,0.59375
716,1.3064233660697937,0.609375,1.5240466594696045,0.59375
717,0.8383470475673676,0.71875,1.6032745242118835,0.5625
718,1.4583038091659546,0.578125,1.6685078144073486,0.53125
719,1.0361274480819702,0.671875,1.691532015800476,0.53125
720,1.2305830717086792,0.71875,1.7089238166809082,0.5
721,1.2420483231544495,0.625,1.6653450727462769,0.53125
722,1.414883553981781,0.5,1.6337385773658752,0.53125
723,1.0383094251155853,0.671875,1.601189911365509,0.546875
724,1.2772339582443237,0.5625,1.568349838256836,0.546875
725,1.3429789543151855,0.5625,1.5324295163154602,0.578125
726,1.287099838256836,0.5625,1.5019667744636536,0.59375
727,1.1484207212924957,0.59375,1.5103867053985596,0.578125
728,1.3290592432022095,0.578125,1.5193291902542114,0.609375
729,1.079387366771698,0.65625,1.5485959649085999,0.59375
730,1.2998457551002502,0.5625,1.5748398303985596,0.546875
731,1.4372966289520264,0.546875,1.6209087371826172,0.59375
732,1.1326707601547241,0.640625,1.6385337114334106,0.5625
733,1.2899544835090637,0.5625,1.6614829301834106,0.546875
734,1.2056517601013184,0.5625,1.6847255229949951,0.5625
735,1.1163705885410309,0.65625,1.7032768726348877,0.53125
736,1.191019892692566,0.65625,1.7127662897109985,0.5625
737,1.2241779565811157,0.640625,1.742702603340149,0.515625
738,1.2210347652435303,0.5625,1.7113438844680786,0.546875
739,1.379034399986267,0.59375,1.639159381389618,0.59375
740,1.356224238872528,0.59375,1.6005452871322632,0.5625
741,1.2655680179595947,0.6875,1.6305643320083618,0.546875
742,1.33518785238266,0.640625,1.6718931198120117,0.484375
743,1.419114589691162,0.59375,1.6867679357528687,0.484375
744,1.3542156219482422,0.609375,1.6798866391181946,0.484375
745,1.4258607625961304,0.53125,1.6783004999160767,0.46875
746,1.4069981575012207,0.546875,1.6675670742988586,0.4375
747,1.1267197728157043,0.671875,1.6767116785049438,0.5
748,1.328728437423706,0.5625,1.6358633637428284,0.53125
749,0.9904268383979797,0.6875,1.5644786357879639,0.5
750,1.2153196930885315,0.625,1.5362297296524048,0.515625
751,1.2106539011001587,0.609375,1.4758743047714233,0.578125
752,1.5193312168121338,0.515625,1.4606671929359436,0.640625
753,1.2602903246879578,0.640625,1.5362958312034607,0.578125
754,1.1536580920219421,0.625,1.6830973625183105,0.5
755,1.274072289466858,0.546875,1.7567716240882874,0.5
756,1.399510383605957,0.59375,1.7653704285621643,0.53125
757,1.3053425550460815,0.6875,1.72002375125885,0.5
758,1.044399917125702,0.734375,1.7107329368591309,0.46875
759,1.0903154611587524,0.6875,1.7468827366828918,0.46875
760,1.1677632927894592,0.703125,1.777440071105957,0.453125
761,1.1955808997154236,0.71875,1.8431562781333923,0.453125
762,1.1279978156089783,0.59375,1.8666887879371643,0.5
763,0.9090240001678467,0.75,1.8290578126907349,0.53125
764,1.1638869643211365,0.71875,1.7481999397277832,0.5
765,1.4767268300056458,0.65625,1.6307786107063293,0.53125
766,1.422715425491333,0.5625,1.5391045808792114,0.5625
767,0.9689606130123138,0.734375,1.5203010439872742,0.59375
768,1.197022020816803,0.609375,1.5575330257415771,0.578125
769,0.9709899425506592,0.6875,1.61739182472229,0.578125
770,1.1506255269050598,0.734375,1.6680010557174683,0.5625
771,1.0991086661815643,0.671875,1.7729514241218567,0.578125
772,1.5777708292007446,0.515625,1.8370364308357239,0.53125
773,1.2305936813354492,0.609375,1.9070510864257812,0.53125
774,1.3053784668445587,0.609375,1.8853201270103455,0.53125
775,1.1627819240093231,0.640625,1.697152018547058,0.546875
776,1.0563507080078125,0.6875,1.5944281816482544,0.578125
777,1.1481334567070007,0.625,1.5784941911697388,0.5625
778,1.2840771079063416,0.609375,1.5711764097213745,0.53125
779,0.9700949192047119,0.640625,1.5839369297027588,0.578125
780,1.0673418939113617,0.640625,1.579058289527893,0.5625
781,1.3634936213493347,0.65625,1.596152901649475,0.5625
782,1.3077282309532166,0.640625,1.5931254625320435,0.546875
783,1.1124605536460876,0.640625,1.6073935627937317,0.53125
784,1.3881057500839233,0.59375,1.6055764555931091,0.59375
785,1.159763753414154,0.71875,1.5740161538124084,0.5625
786,1.2377893924713135,0.703125,1.6017276644706726,0.5625
787,1.4577430486679077,0.515625,1.6122643947601318,0.546875
788,1.1675145626068115,0.640625,1.670231580734253,0.5625
789,0.9961407780647278,0.71875,1.7093403339385986,0.5625
790,1.3650992512702942,0.578125,1.6610198020935059,0.578125
791,1.5183945894241333,0.59375,1.6276342868804932,0.5625
792,1.2612379789352417,0.65625,1.6332996487617493,0.5625
793,1.1578040719032288,0.609375,1.6404892802238464,0.578125
794,1.532055377960205,0.546875,1.628481686115265,0.5625
795,1.2505903840065002,0.59375,1.5802135467529297,0.578125
796,1.3625690937042236,0.578125,1.5288470387458801,0.59375
797,1.1519350409507751,0.609375,1.4900694489479065,0.625
798,1.1108003854751587,0.71875,1.4852986931800842,0.59375
799,1.4595178365707397,0.5625,1.4501249194145203,0.59375
800,0.8404267132282257,0.765625,1.4736986756324768,0.609375
801,1.1675567030906677,0.65625,1.511335015296936,0.59375
802,1.0507206916809082,0.671875,1.5601866841316223,0.578125
803,1.0088093280792236,0.671875,1.6304707527160645,0.53125
804,1.1261439323425293,0.6875,1.6765196323394775,0.515625
805,1.2638756036758423,0.65625,1.6219778656959534,0.546875
806,1.1212638020515442,0.65625,1.5536144375801086,0.609375
807,1.0861801207065582,0.625,1.56952965259552,0.59375
808,1.3075359463691711,0.59375,1.598917543888092,0.609375
809,1.1871609389781952,0.65625,1.5894616842269897,0.546875
810,1.0205882787704468,0.65625,1.5412895679473877,0.546875
811,1.4967535734176636,0.609375,1.5165680050849915,0.59375
812,0.8012031316757202,0.8125,1.512587308883667,0.59375
813,1.0083945989608765,0.65625,1.501875638961792,0.625
814,1.5452287793159485,0.578125,1.4988397359848022,0.640625
815,1.2832421660423279,0.609375,1.5880703926086426,0.625
816,1.2380979657173157,0.71875,1.664295256137848,0.546875
817,1.2694979906082153,0.625,1.6947422623634338,0.515625
818,1.2849503755569458,0.578125,1.6229251027107239,0.546875
819,1.1963465809822083,0.609375,1.6222694516181946,0.5625
820,0.9859790802001953,0.65625,1.6434029936790466,0.578125
821,1.2167471051216125,0.5625,1.677717387676239,0.578125
822,0.9876224100589752,0.65625,1.6744936108589172,0.5625
823,1.2129799127578735,0.6875,1.6590076684951782,0.5
824,1.0341272950172424,0.703125,1.7070027589797974,0.515625
825,1.1646636724472046,0.6875,1.754603087902069,0.53125
826,1.2369725704193115,0.625,1.7999423146247864,0.53125
827,1.236882746219635,0.671875,1.8198630809783936,0.515625
828,1.4598697423934937,0.609375,1.7540894150733948,0.5
829,1.316789448261261,0.515625,1.6953177452087402,0.515625
830,1.225343406200409,0.609375,1.6555736064910889,0.546875
831,1.3278435468673706,0.625,1.6011309623718262,0.53125
832,1.328296422958374,0.546875,1.5322458744049072,0.515625
833,1.197076439857483,0.59375,1.4799361824989319,0.59375
834,1.2835034728050232,0.65625,1.4798003435134888,0.578125
835,1.0470339357852936,0.703125,1.4715495109558105,0.609375
836,1.4772737622261047,0.578125,1.494196891784668,0.5625
837,1.2365021705627441,0.53125,1.5796454548835754,0.578125
838,1.0681832432746887,0.734375,1.6524190306663513,0.5625
839,1.2581456303596497,0.609375,1.6548969745635986,0.59375
840,1.0800075232982635,0.703125,1.6326788663864136,0.578125
841,0.9916176199913025,0.734375,1.6235448122024536,0.609375
842,1.0634730458259583,0.703125,1.6711181998252869,0.59375
843,0.8866031169891357,0.75,1.6952449083328247,0.578125
844,0.9109432101249695,0.765625,1.7092341780662537,0.53125
845,0.8650289177894592,0.75,1.746989130973816,0.53125
846,0.9668216705322266,0.671875,1.7639570832252502,0.515625
847,0.9020111560821533,0.71875,1.7145401239395142,0.546875
848,1.2493202686309814,0.640625,1.6223011016845703,0.578125
849,1.132379561662674,0.640625,1.5217574834823608,0.578125
850,1.249644160270691,0.640625,1.503834843635559,0.609375
851,0.9925563633441925,0.609375,1.5271337628364563,0.59375
852,1.1095986366271973,0.671875,1.6011358499526978,0.578125
853,0.990120142698288,0.765625,1.72889643907547,0.546875
854,1.194499135017395,0.640625,1.8531955480575562,0.578125
855,1.16751366853714,0.703125,1.9118200540542603,0.515625
856,1.2196003198623657,0.59375,1.9116979837417603,0.5
857,1.2646220326423645,0.59375,1.8921183347702026,0.515625
858,1.5758071541786194,0.546875,1.7985137104988098,0.5
859,1.007502019405365,0.703125,1.652957797050476,0.53125
860,0.9198470115661621,0.734375,1.582936704158783,0.578125
861,1.2331734895706177,0.65625,1.565588355064392,0.609375
862,1.0140679478645325,0.6875,1.5458053946495056,0.5625
863,0.9456222951412201,0.703125,1.5388781428337097,0.53125
864,1.0644581317901611,0.65625,1.5976367592811584,0.53125
865,1.4205908179283142,0.609375,1.6900787949562073,0.546875
866,1.1503496170043945,0.625,1.6781435012817383,0.53125
867,1.281518280506134,0.5625,1.635292887687683,0.578125
868,1.1453058123588562,0.671875,1.5434746742248535,0.578125
869,1.335323691368103,0.5625,1.515903115272522,0.578125
870,0.9555258750915527,0.71875,1.5004702806472778,0.609375
871,1.1854718327522278,0.71875,1.5073768496513367,0.625
872,0.9924994111061096,0.6875,1.5372291207313538,0.640625
873,1.195476770401001,0.640625,1.6109192967414856,0.5625
874,1.1540368795394897,0.671875,1.616024374961853,0.640625
875,1.364306926727295,0.625,1.6031842827796936,0.65625
876,1.042543888092041,0.765625,1.611106038093567,0.65625
877,1.136948823928833,0.671875,1.626133680343628,0.65625
878,1.512597680091858,0.609375,1.5483005046844482,0.65625
879,1.1170886754989624,0.65625,1.474265992641449,0.65625
880,1.2971299290657043,0.546875,1.4075424075126648,0.671875
881,0.821645200252533,0.734375,1.3824656009674072,0.640625
882,0.9488867223262787,0.640625,1.4056812524795532,0.625
883,1.025744080543518,0.6875,1.4544619917869568,0.609375
884,1.029558777809143,0.671875,1.5109047889709473,0.640625
885,0.8024325370788574,0.71875,1.545431137084961,0.59375
886,0.9101449251174927,0.734375,1.5518404841423035,0.59375
887,1.081404834985733,0.609375,1.5500566959381104,0.59375
888,1.0647297501564026,0.71875,1.5245362520217896,0.59375
889,1.1405314207077026,0.65625,1.5199682712554932,0.546875
890,1.0861312747001648,0.671875,1.4870936274528503,0.578125
891,1.2954180836677551,0.609375,1.4721474647521973,0.59375
892,1.2555679082870483,0.640625,1.4600228071212769,0.609375
893,0.9721760749816895,0.6875,1.4892182350158691,0.59375
894,1.1211708784103394,0.625,1.529368281364441,0.59375
895,0.9554265737533569,0.703125,1.5615662932395935,0.625
896,1.035175621509552,0.703125,1.5475133657455444,0.59375
897,0.9246830344200134,0.703125,1.4964579343795776,0.59375
898,1.23921400308609,0.640625,1.4915879368782043,0.640625
899,1.1954162120819092,0.65625,1.526426076889038,0.578125
900,1.1148358881473541,0.703125,1.6011964678764343,0.59375
901,1.2327759265899658,0.671875,1.6634816527366638,0.5625
902,1.0887549221515656,0.625,1.6328731775283813,0.546875
903,1.0835461616516113,0.71875,1.574263572692871,0.59375
904,0.9519307911396027,0.71875,1.5456755757331848,0.625
905,1.4447928667068481,0.53125,1.5574731826782227,0.625
906,0.9849545061588287,0.65625,1.5764663219451904,0.609375
907,1.2244470119476318,0.625,1.619876205921173,0.59375
908,1.0711748003959656,0.671875,1.6783446669578552,0.5625
909,1.0607666075229645,0.71875,1.7667672038078308,0.46875
910,0.6625263690948486,0.828125,1.9023586511611938,0.515625
911,1.2061625719070435,0.609375,1.9309158325195312,0.5
912,1.1205464601516724,0.640625,1.8380186557769775,0.515625
913,1.2985373735427856,0.5625,1.7195924520492554,0.546875
914,1.2717257738113403,0.671875,1.6187666058540344,0.5
915,1.0902782678604126,0.640625,1.5660200715065002,0.546875
916,1.23689466714859,0.578125,1.5172370672225952,0.59375
917,0.9425642490386963,0.796875,1.4779188632965088,0.625
918,1.0816112160682678,0.625,1.4759050607681274,0.609375
919,1.0628038942813873,0.625,1.53545343875885,0.625
920,1.1677551865577698,0.640625,1.610422670841217,0.59375
921,1.2067885398864746,0.546875,1.679516613483429,0.578125
922,0.969541609287262,0.671875,1.7309048175811768,0.578125
923,1.0700614750385284,0.609375,1.779270350933075,0.5
924,0.9544787406921387,0.734375,1.7618653178215027,0.5
925,1.0948576033115387,0.671875,1.8125187158584595,0.5
926,1.0768367052078247,0.65625,1.8731836080551147,0.46875
927,0.939909040927887,0.703125,1.8293352127075195,0.5
928,1.187264859676361,0.6875,1.7281123995780945,0.53125
929,0.694939374923706,0.765625,1.6680938005447388,0.546875
930,0.8584195375442505,0.71875,1.6191067695617676,0.546875
931,0.9517878592014313,0.703125,1.5788632035255432,0.59375
932,1.1675562262535095,0.65625,1.5495958924293518,0.640625
933,1.13736492395401,0.6875,1.4704319834709167,0.6875
934,1.0894676446914673,0.71875,1.428498089313507,0.65625
935,0.9305837452411652,0.734375,1.459074079990387,0.65625
936,0.9631949365139008,0.734375,1.490238070487976,0.65625
937,1.093759000301361,0.671875,1.5683557391166687,0.640625
938,0.808775007724762,0.765625,1.696748971939087,0.609375
939,1.1672797203063965,0.5625,1.8119566440582275,0.578125
940,0.9147602915763855,0.703125,1.888525128364563,0.5625
941,1.0392528176307678,0.6875,1.911899209022522,0.484375
942,0.9163324236869812,0.703125,1.8223499059677124,0.515625
943,0.79770427942276,0.734375,1.7015595436096191,0.53125
944,1.219452679157257,0.65625,1.5575860738754272,0.59375
945,0.865460216999054,0.734375,1.5084274411201477,0.578125
946,1.2727660536766052,0.59375,1.513225018978119,0.578125
947,0.8130443096160889,0.765625,1.511053442955017,0.578125
948,0.9568040072917938,0.78125,1.5180468559265137,0.59375
949,1.1854239702224731,0.578125,1.5282636284828186,0.59375
950,1.39585280418396,0.546875,1.5978019833564758,0.625
951,0.7351747751235962,0.75,1.7009974122047424,0.625
952,1.238796591758728,0.640625,1.7165327668190002,0.609375
953,1.1437501311302185,0.671875,1.6251755952835083,0.59375
954,0.9168422818183899,0.65625,1.555111289024353,0.578125
955,0.7516295909881592,0.828125,1.5239517092704773,0.578125
956,0.8803733587265015,0.75,1.5509712100028992,0.59375
957,1.271243393421173,0.59375,1.539113998413086,0.609375
958,1.09076789021492,0.640625,1.58217191696167,0.625
959,1.2116804718971252,0.625,1.6570863127708435,0.609375
960,0.7239039838314056,0.765625,1.74923974275589,0.578125
961,1.1853180229663849,0.640625,1.7527050971984863,0.59375
962,1.1231921315193176,0.609375,1.6920872926712036,0.578125
963,1.1309319138526917,0.65625,1.6266679763793945,0.640625
964,1.129838764667511,0.59375,1.5377330780029297,0.6875
965,0.6160494685173035,0.796875,1.4893008470535278,0.671875
966,1.1460093259811401,0.640625,1.4454928040504456,0.640625
967,1.1499804854393005,0.703125,1.448638677597046,0.640625
968,0.7776056528091431,0.765625,1.5322505831718445,0.578125
969,0.8767971992492676,0.734375,1.6368829011917114,0.5625
970,0.966111958026886,0.703125,1.6722128987312317,0.546875
971,0.9133475422859192,0.671875,1.6702208518981934,0.578125
972,1.1135917901992798,0.703125,1.646988034248352,0.5625
973,1.1833505034446716,0.578125,1.6030731797218323,0.578125
974,0.8816833198070526,0.703125,1.5793587565422058,0.5625
975,1.0640740394592285,0.640625,1.5876328945159912,0.5625
976,0.8691671788692474,0.6875,1.5836482048034668,0.5625
977,0.9638459086418152,0.6875,1.567993402481079,0.546875
978,1.2321892380714417,0.625,1.5306933522224426,0.5625
979,1.0188415944576263,0.65625,1.4759355187416077,0.5625
980,0.6824792623519897,0.8125,1.4726335406303406,0.578125
981,1.1715585589408875,0.671875,1.4735773205757141,0.609375
982,1.3108685612678528,0.609375,1.4972708821296692,0.640625
983,1.037082314491272,0.65625,1.5510680079460144,0.625
984,0.8077943921089172,0.78125,1.6120883226394653,0.578125
985,1.0824568271636963,0.734375,1.635015845298767,0.546875
986,0.9959439039230347,0.75,1.5808165073394775,0.625
987,0.9478667378425598,0.671875,1.5770114660263062,0.578125
988,0.7473685145378113,0.71875,1.6151089072227478,0.53125
989,1.090353012084961,0.671875,1.6567844152450562,0.59375
990,0.9203949570655823,0.703125,1.7046962976455688,0.578125
991,1.1224548816680908,0.671875,1.7381788492202759,0.5625
992,1.2193180322647095,0.640625,1.78962641954422,0.5625
993,0.9681080132722855,0.78125,1.8848609924316406,0.53125
994,0.9480759501457214,0.703125,1.9304662942886353,0.5
995,1.2073091864585876,0.71875,1.9229053258895874,0.5
996,1.112840712070465,0.640625,1.798178791999817,0.515625
997,1.2388023138046265,0.640625,1.6875091195106506,0.53125
998,1.0894572138786316,0.65625,1.565582811832428,0.5625
999,0.9099421799182892,0.71875,1.5175654292106628,0.5625
