enclave_setup_time,tf_time,enclave_time,teardown_time,combined_enclave_time,native_time,enclave_label,native_label,layers_in_enclave,correct_label
0.0,0.09081292152404785,0.0,0.0,0.0,0.0,-1,-1,0,1
0.0,0.0917363166809082,0.0,0.0,0.0,0.0,-1,-1,0,1
0.0,0.09110355377197266,0.0,0.0,0.0,0.0,-1,-1,0,1
0.0,0.09161782264709473,0.0,0.0,0.0,0.0,-1,-1,0,1
0.0,0.09236025810241699,0.0,0.0,0.0,0.0,-1,-1,0,1
0.0,0.09238243103027344,0.0,0.0,0.0,0.0,-1,-1,0,1
0.0,0.09159135818481445,0.0,0.0,0.0,0.0,-1,-1,0,1
0.0,0.09293651580810547,0.0,0.0,0.0,0.0,-1,-1,0,1
0.0,0.0925300121307373,0.0,0.0,0.0,0.0,-1,-1,0,1
0.0,0.09199738502502441,0.0,0.0,0.0,0.0,-1,-1,0,1
0.0,0.09166789054870605,0.0,0.0,0.0,0.0,-1,-1,0,1
0.0,0.09173107147216797,0.0,0.0,0.0,0.0,-1,-1,0,1
0.0,0.09189867973327637,0.0,0.0,0.0,0.0,-1,-1,0,1
0.0,0.09107041358947754,0.0,0.0,0.0,0.0,-1,-1,0,1
0.0,0.09193229675292969,0.0,0.0,0.0,0.0,-1,-1,0,1
0.0,0.09198307991027832,0.0,0.0,0.0,0.0,-1,-1,0,1
0.0,0.09224224090576172,0.0,0.0,0.0,0.0,-1,-1,0,1
0.0,0.09157991409301758,0.0,0.0,0.0,0.0,-1,-1,0,1
0.0,0.09210968017578125,0.0,0.0,0.0,0.0,-1,-1,0,1
0.0,0.0920865535736084,0.0,0.0,0.0,0.0,-1,-1,0,1
0.7695307731628418,0.0906836986541748,0.001032114028930664,0.019801616668701172,0.7903645038604736,5.364418029785156e-05,1,1,1,1
0.7657508850097656,0.09139108657836914,0.0009877681732177734,0.019297361373901367,0.7860360145568848,5.054473876953125e-05,1,1,1,1
0.7903780937194824,0.09238624572753906,0.001028299331665039,0.019550561904907227,0.8109569549560547,5.316734313964844e-05,1,1,1,1
0.7756392955780029,0.09119057655334473,0.00098419189453125,0.019495010375976562,0.7961184978485107,5.269050598144531e-05,1,1,1,1
0.7668216228485107,0.09188055992126465,0.0009882450103759766,0.01937723159790039,0.7871870994567871,5.1975250244140625e-05,1,1,1,1
0.7855691909790039,0.09150099754333496,0.0010399818420410156,0.019339323043823242,0.8059484958648682,4.863739013671875e-05,1,1,1,1
0.7811708450317383,0.09085226058959961,0.0010020732879638672,0.019739389419555664,0.8019123077392578,5.269050598144531e-05,1,1,1,1
0.7898390293121338,0.09046196937561035,0.001024007797241211,0.01956629753112793,0.8104293346405029,4.863739013671875e-05,1,1,1,1
0.7748184204101562,0.09134459495544434,0.0010149478912353516,0.01930713653564453,0.7951405048370361,4.982948303222656e-05,1,1,1,1
0.7903432846069336,0.09149622917175293,0.0010061264038085938,0.019521713256835938,0.8108711242675781,4.744529724121094e-05,1,1,1,1
0.7694766521453857,0.09151983261108398,0.0009984970092773438,0.019282102584838867,0.789757251739502,5.364418029785156e-05,1,1,1,1
0.7682909965515137,0.09102225303649902,0.0009932518005371094,0.01934194564819336,0.7886261940002441,5.078315734863281e-05,1,1,1,1
0.7865269184112549,0.09156680107116699,0.0010223388671875,0.019651174545288086,0.8072004318237305,4.982948303222656e-05,1,1,1,1
0.7767322063446045,0.09177136421203613,0.0009751319885253906,0.01952362060546875,0.7972309589385986,5.316734313964844e-05,1,1,1,1
0.7610998153686523,0.09259915351867676,0.001071929931640625,0.019457101821899414,0.7816288471221924,5.078315734863281e-05,1,1,1,1
0.7794399261474609,0.0914011001586914,0.0010213851928710938,0.0196685791015625,0.8001298904418945,5.7220458984375e-05,1,1,1,1
0.7854251861572266,0.09226727485656738,0.001024484634399414,0.019324064254760742,0.8057737350463867,4.935264587402344e-05,1,1,1,1
0.7657554149627686,0.09092092514038086,0.0010044574737548828,0.019489765167236328,0.7862496376037598,4.935264587402344e-05,1,1,1,1
0.7742044925689697,0.09183478355407715,0.001001596450805664,0.019666194915771484,0.7948722839355469,4.8160552978515625e-05,1,1,1,1
0.7850112915039062,0.09111595153808594,0.0010426044464111328,0.01987767219543457,0.805931568145752,5.7697296142578125e-05,1,1,1,1
0.7918236255645752,0.09201717376708984,0.03606605529785156,0.019526004791259766,0.8474156856536865,0.0020797252655029297,1,1,2,1
0.7793362140655518,0.09231853485107422,0.03571009635925293,0.019512414932250977,0.8345587253570557,0.002061128616333008,1,1,2,1
0.771620512008667,0.09115719795227051,0.03563737869262695,0.019639968872070312,0.8268978595733643,0.002084970474243164,1,1,2,1
0.78340744972229,0.09081912040710449,0.035874366760253906,0.019402503967285156,0.8386843204498291,0.002110719680786133,1,1,2,1
0.7826583385467529,0.09221291542053223,0.03590655326843262,0.019394874572753906,0.8379597663879395,0.0020542144775390625,1,1,2,1
0.7839977741241455,0.09259819984436035,0.036035776138305664,0.01944732666015625,0.8394808769226074,0.0022127628326416016,1,1,2,1
0.7818803787231445,0.0904393196105957,0.035677433013916016,0.019246578216552734,0.8368043899536133,0.0020821094512939453,1,1,2,1
0.7663838863372803,0.0907292366027832,0.035893917083740234,0.01955270767211914,0.8218305110931396,0.002057790756225586,1,1,2,1
0.7871549129486084,0.09134387969970703,0.03584694862365723,0.019507408142089844,0.8425092697143555,0.00208282470703125,1,1,2,1
0.7864129543304443,0.09116578102111816,0.03607940673828125,0.0196685791015625,0.8421609401702881,0.0021016597747802734,1,1,2,1
0.7854433059692383,0.09061884880065918,0.03595900535583496,0.01941204071044922,0.8408143520355225,0.0020914077758789062,1,1,2,1
0.7803504467010498,0.09142923355102539,0.03584623336791992,0.019604206085205078,0.8358008861541748,0.0023887157440185547,1,1,2,1
0.784146785736084,0.09135031700134277,0.03602933883666992,0.01940464973449707,0.839580774307251,0.0020978450775146484,1,1,2,1
0.784205436706543,0.09064316749572754,0.036058902740478516,0.01954483985900879,0.8398091793060303,0.002092123031616211,1,1,2,1
0.7843589782714844,0.09149408340454102,0.035968780517578125,0.01955127716064453,0.839879035949707,0.0021109580993652344,1,1,2,1
0.7875583171844482,0.09144234657287598,0.03596067428588867,0.01962137222290039,0.8431403636932373,0.0020933151245117188,1,1,2,1
0.7720091342926025,0.09201407432556152,0.0359041690826416,0.019637346267700195,0.8275506496429443,0.0022008419036865234,1,1,2,1
0.7851150035858154,0.09149599075317383,0.03595328330993652,0.01941990852355957,0.8404881954193115,0.0020461082458496094,1,1,2,1
0.7686588764190674,0.09150195121765137,0.03558516502380371,0.019509553909301758,0.8237535953521729,0.002064943313598633,1,1,2,1
0.787390947341919,0.09145450592041016,0.0359654426574707,0.01947641372680664,0.8428328037261963,0.002139568328857422,1,1,2,1
0.7860016822814941,0.09148979187011719,0.07651710510253906,0.019690752029418945,0.8822095394134521,0.0046694278717041016,1,1,3,1
0.7662181854248047,0.0918436050415039,0.07622528076171875,0.01951742172241211,0.8619608879089355,0.004605770111083984,1,1,3,1
0.7760884761810303,0.09132695198059082,0.0759737491607666,0.019327163696289062,0.8713893890380859,0.00465846061706543,1,1,3,1
0.7747795581817627,0.09180665016174316,0.07582759857177734,0.019362449645996094,0.8699696063995361,0.004677772521972656,1,1,3,1
0.7655351161956787,0.09066319465637207,0.07601356506347656,0.01942920684814453,0.8609778881072998,0.004654407501220703,1,1,3,1
0.7841787338256836,0.0911569595336914,0.07624363899230957,0.019477128982543945,0.8798995018005371,0.0047228336334228516,1,1,3,1
0.7828958034515381,0.09089994430541992,0.07621026039123535,0.019725561141967773,0.8788316249847412,0.004637956619262695,1,1,3,1
0.786552906036377,0.09165096282958984,0.07613277435302734,0.01967644691467285,0.8823621273040771,0.004496574401855469,1,1,3,1
0.7690656185150146,0.09101414680480957,0.07623982429504395,0.01979970932006836,0.865105152130127,0.004701137542724609,1,1,3,1
0.7697992324829102,0.09044885635375977,0.07567548751831055,0.019517898559570312,0.864992618560791,0.004743099212646484,1,1,3,1
0.7699005603790283,0.08965063095092773,0.0758979320526123,0.019863367080688477,0.8656618595123291,0.004674434661865234,1,1,3,1
0.7718982696533203,0.0916891098022461,0.07590723037719727,0.019542932510375977,0.8673484325408936,0.004627227783203125,1,1,3,1
0.7828447818756104,0.09087944030761719,0.07636523246765137,0.019469738006591797,0.8786797523498535,0.004716634750366211,1,1,3,1
0.7783541679382324,0.0913991928100586,0.07621002197265625,0.019566774368286133,0.8741309642791748,0.004744529724121094,1,1,3,1
0.7716331481933594,0.09004616737365723,0.07615280151367188,0.019415855407714844,0.8672018051147461,0.004585981369018555,1,1,3,1
0.7793314456939697,0.09123682975769043,0.07573437690734863,0.019381284713745117,0.8744471073150635,0.0046389102935791016,1,1,3,1
0.763676643371582,0.09113168716430664,0.07587409019470215,0.01940155029296875,0.8589522838592529,0.004637956619262695,1,1,3,1
0.76871657371521,0.09117865562438965,0.0760037899017334,0.019555091857910156,0.8642754554748535,0.004570484161376953,1,1,3,1
0.7696928977966309,0.09059619903564453,0.07621264457702637,0.01968240737915039,0.8655879497528076,0.004670381546020508,1,1,3,1
0.770113468170166,0.0906381607055664,0.07590293884277344,0.01930856704711914,0.8653249740600586,0.004724025726318359,1,1,3,1
0.7835783958435059,0.0851430892944336,1.6274681091308594,0.019614219665527344,2.4306607246398926,0.1677544116973877,1,1,4,1
0.783015251159668,0.08551144599914551,1.6361579895019531,0.019782066345214844,2.438955307006836,0.17255783081054688,1,1,4,1
0.7855632305145264,0.086883544921875,1.6232659816741943,0.019771575927734375,2.428600788116455,0.16756534576416016,1,1,4,1
0.7916507720947266,0.0861818790435791,1.6272852420806885,0.01952219009399414,2.438458204269409,0.1718900203704834,1,1,4,1
0.792778491973877,0.08611917495727539,1.6236224174499512,0.019740819931030273,2.4361417293548584,0.16607117652893066,1,1,4,1
0.7811188697814941,0.0864565372467041,1.6194653511047363,0.019652605056762695,2.420236825942993,0.16630029678344727,1,1,4,1
0.7868571281433105,0.08676719665527344,1.6226096153259277,0.019531965255737305,2.4289987087249756,0.17008209228515625,1,1,4,1
0.7785632610321045,0.08649158477783203,1.6280272006988525,0.019702434539794922,2.426292896270752,0.16922950744628906,1,1,4,1
0.7772126197814941,0.08649682998657227,1.618600845336914,0.01952338218688965,2.415336847305298,0.16736531257629395,1,1,4,1
0.782958984375,0.08778548240661621,1.620591402053833,0.019555330276489258,2.4231057167053223,0.1666862964630127,1,1,4,1
0.7727279663085938,0.08612322807312012,1.6371138095855713,0.01952075958251953,2.4293625354766846,0.17113995552062988,1,1,4,1
0.774294376373291,0.0854501724243164,1.6236612796783447,0.019724607467651367,2.417680263519287,0.16655492782592773,1,1,4,1
0.7803258895874023,0.08598971366882324,1.6285734176635742,0.01946234703063965,2.428361654281616,0.16966772079467773,1,1,4,1
0.7690620422363281,0.08637499809265137,1.6203560829162598,0.019695281982421875,2.4091134071350098,0.16747212409973145,1,1,4,1
0.7704277038574219,0.08543610572814941,1.6277236938476562,0.01982402801513672,2.417975425720215,0.16774296760559082,1,1,4,1
0.7842788696289062,0.08696198463439941,1.6305630207061768,0.01974773406982422,2.4345896244049072,0.16610383987426758,1,1,4,1
0.7863824367523193,0.08591175079345703,1.6385304927825928,0.019809246063232422,2.4447221755981445,0.17144560813903809,1,1,4,1
0.7727429866790771,0.08597254753112793,1.629342794418335,0.019725561141967773,2.42181134223938,0.16572189331054688,1,1,4,1
0.7909872531890869,0.08625245094299316,1.6260263919830322,0.01961994171142578,2.436633586883545,0.16717123985290527,1,1,4,1
0.7834885120391846,0.08644318580627441,1.6363976001739502,0.01981353759765625,2.439699649810791,0.1714637279510498,1,1,4,1
0.7744343280792236,0.08607196807861328,1.6278905868530273,0.019715309143066406,2.4220402240753174,0.1677086353302002,1,1,5,1
0.765631914138794,0.08531713485717773,1.6178021430969238,0.019731998443603516,2.4031660556793213,0.16692757606506348,1,1,5,1
0.7861907482147217,0.08515524864196777,1.6378319263458252,0.01984691619873047,2.4438695907592773,0.1703183650970459,1,1,5,1
0.7924609184265137,0.08562660217285156,1.6296319961547852,0.019554615020751953,2.441647529602051,0.16678762435913086,1,1,5,1
0.7775182723999023,0.08605313301086426,1.6241159439086914,0.019682884216308594,2.4213171005249023,0.1670823097229004,1,1,5,1
0.7815842628479004,0.08614754676818848,1.6290621757507324,0.01950812339782715,2.43015456199646,0.1696619987487793,1,1,5,1
0.7872140407562256,0.08667206764221191,1.63596510887146,0.01969742774963379,2.4428765773773193,0.17159366607666016,1,1,5,1
0.7814593315124512,0.08637094497680664,1.6237742900848389,0.019681453704833984,2.424915075302124,0.16598296165466309,1,1,5,1
0.7792835235595703,0.08707118034362793,1.6315317153930664,0.019588947296142578,2.4304041862487793,0.1727132797241211,1,1,5,1
0.7677147388458252,0.08605170249938965,1.6219971179962158,0.01979231834411621,2.4095041751861572,0.1667783260345459,1,1,5,1
0.7952091693878174,0.08869171142578125,1.6281657218933105,0.019915342330932617,2.4432902336120605,0.16724467277526855,1,1,5,1
0.7787609100341797,0.08615350723266602,1.6292293071746826,0.019538164138793945,2.4275283813476562,0.1700291633605957,1,1,5,1
0.7891294956207275,0.08632016181945801,1.6290912628173828,0.019498825073242188,2.4377195835113525,0.16676688194274902,1,1,5,1
0.7754266262054443,0.08594608306884766,1.629784345626831,0.019493579864501953,2.4247045516967773,0.1713113784790039,1,1,5,1
0.785186767578125,0.08617377281188965,1.6213719844818115,0.019640445709228516,2.426199197769165,0.16654562950134277,1,1,5,1
0.7774136066436768,0.086822509765625,1.6243855953216553,0.02000904083251953,2.4218082427978516,0.17100214958190918,1,1,5,1
0.7647640705108643,0.08483195304870605,1.626641035079956,0.01972818374633789,2.411133289337158,0.16756176948547363,1,1,5,1
0.7889676094055176,0.08590388298034668,1.634157657623291,0.019561767578125,2.4426870346069336,0.17525696754455566,1,1,5,1
0.7693021297454834,0.08541488647460938,1.6224172115325928,0.019672155380249023,2.411391496658325,0.1657092571258545,1,1,5,1
0.788013219833374,0.0861818790435791,1.6325984001159668,0.01983928680419922,2.44045090675354,0.16791868209838867,1,1,5,1
0.769385814666748,0.08575153350830078,1.6301777362823486,0.019746780395507812,2.4193103313446045,0.16988825798034668,1,1,6,1
0.7886192798614502,0.08569192886352539,1.6310210227966309,0.019705533981323242,2.4393458366394043,0.16766977310180664,1,1,6,1
0.7681736946105957,0.08612632751464844,1.6247532367706299,0.019595861434936523,2.412522792816162,0.1670677661895752,1,1,6,1
0.7720508575439453,0.08611750602722168,1.6263902187347412,0.01985907554626465,2.418300151824951,0.16792869567871094,1,1,6,1
0.7699799537658691,0.08604764938354492,1.633211374282837,0.019731521606445312,2.4229228496551514,0.17173242568969727,1,1,6,1
0.7702741622924805,0.08571076393127441,1.628896713256836,0.019594669342041016,2.4187655448913574,0.1673879623413086,1,1,6,1
0.7767665386199951,0.08563804626464844,1.6296815872192383,0.019650697708129883,2.4260988235473633,0.16829991340637207,1,1,6,1
0.7639479637145996,0.08678841590881348,1.6296920776367188,0.019566059112548828,2.413206100463867,0.17038655281066895,1,1,6,1
0.7662479877471924,0.08589339256286621,1.6405320167541504,0.019748926162719727,2.4265289306640625,0.17136311531066895,1,1,6,1
0.7855653762817383,0.08700799942016602,1.638141393661499,0.019915103912353516,2.443621873855591,0.17364788055419922,1,1,6,1
0.767448902130127,0.08675146102905273,1.6379892826080322,0.01983809471130371,2.425276279449463,0.17142057418823242,1,1,6,1
0.7827162742614746,0.08643341064453125,1.6352825164794922,0.019852161407470703,2.4378509521484375,0.17239093780517578,1,1,6,1
0.7806763648986816,0.08562469482421875,1.6411736011505127,0.019842863082885742,2.44169282913208,0.1712191104888916,1,1,6,1
0.7939202785491943,0.08637595176696777,1.6421680450439453,0.019839763641357422,2.455928087234497,0.17296791076660156,1,1,6,1
0.7736687660217285,0.08659625053405762,1.6282415390014648,0.01952958106994629,2.4214398860931396,0.16834115982055664,1,1,6,1
0.7594311237335205,0.08620810508728027,1.6258933544158936,0.019596338272094727,2.404920816421509,0.1670680046081543,1,1,6,1
0.7827315330505371,0.08527874946594238,1.6237545013427734,0.01961517333984375,2.4261012077331543,0.1674807071685791,1,1,6,1
0.7911970615386963,0.08629083633422852,1.6381385326385498,0.0196685791015625,2.4490041732788086,0.16712212562561035,1,1,6,1
0.7863454818725586,0.08713507652282715,1.6363458633422852,0.019489765167236328,2.44218111038208,0.17183899879455566,1,1,6,1
0.7918756008148193,0.08574795722961426,1.646714210510254,0.019927024841308594,2.458516836166382,0.17395257949829102,1,1,6,1
0.7857508659362793,0.08428764343261719,5.27917218208313,0.01961994171142578,6.084542989730835,2.6944947242736816,1,1,7,1
0.77504563331604,0.0838315486907959,5.290598392486572,0.019869565963745117,6.085513591766357,2.6997790336608887,1,1,7,1
0.767014741897583,0.08348512649536133,5.272899627685547,0.019854307174682617,6.0597686767578125,2.69089937210083,1,1,7,1
0.788116455078125,0.0838019847869873,5.276540756225586,0.019523143768310547,6.0841803550720215,2.692568302154541,1,1,7,1
0.7709686756134033,0.08315539360046387,5.272008419036865,0.0195770263671875,6.062554121017456,2.693502426147461,1,1,7,1
0.7867934703826904,0.08368444442749023,5.278083801269531,0.019564390182495117,6.084441661834717,2.69416880607605,1,1,7,1
0.7664182186126709,0.08381342887878418,5.278365612030029,0.019841909408569336,6.0646257400512695,2.694998025894165,1,1,7,1
0.777583122253418,0.08331537246704102,5.286954879760742,0.019887685775756836,6.084425687789917,2.6995885372161865,1,1,7,1
0.7832629680633545,0.08362364768981934,5.286236763000488,0.019663572311401367,6.089163303375244,2.69332218170166,1,1,7,1
0.779120683670044,0.08350467681884766,5.285667419433594,0.019476890563964844,6.0842649936676025,2.6970083713531494,1,1,7,1
0.7782611846923828,0.083709716796875,5.291151762008667,0.01992201805114746,6.089334964752197,2.6980409622192383,1,1,7,1
0.7768678665161133,0.08323383331298828,5.272606611251831,0.019555091857910156,6.0690295696258545,2.6905863285064697,1,1,7,1
0.7697775363922119,0.08394408226013184,5.274870157241821,0.01970815658569336,6.064355850219727,2.6951282024383545,1,1,7,1
0.7876720428466797,0.08395004272460938,5.27475118637085,0.019599437713623047,6.082022666931152,2.6919403076171875,1,1,7,1
0.769174337387085,0.08431124687194824,5.2876646518707275,0.019852399826049805,6.076691389083862,2.7013697624206543,1,1,7,1
0.783822774887085,0.08264708518981934,5.271396636962891,0.019688844680786133,6.074908256530762,2.692176580429077,1,1,7,1
0.7835769653320312,0.0830986499786377,5.276442766189575,0.01955890655517578,6.079578638076782,2.68975830078125,1,1,7,1
0.7756476402282715,0.08402156829833984,5.285065174102783,0.01973724365234375,6.080450057983398,2.692617893218994,1,1,7,1
0.7700529098510742,0.08385348320007324,5.275578737258911,0.019935131072998047,6.065566778182983,2.693432092666626,1,1,7,1
0.7794516086578369,0.08402323722839355,5.274923324584961,0.019702672958374023,6.074077606201172,2.690169095993042,1,1,7,1
0.7790133953094482,0.0814821720123291,8.927368879318237,0.019637346267700195,9.726019620895386,5.213987350463867,1,1,8,1
0.7717633247375488,0.08188366889953613,8.945248126983643,0.019870758056640625,9.736882209777832,5.222455739974976,1,1,8,1
0.7884254455566406,0.08219051361083984,8.927854061126709,0.019692659378051758,9.735972166061401,5.212489366531372,1,1,8,1
0.7880542278289795,0.0829317569732666,8.934620380401611,0.019739627838134766,9.742414236068726,5.224367380142212,1,1,8,1
0.7689294815063477,0.08211421966552734,8.940544366836548,0.019866228103637695,9.729340076446533,5.2269127368927,1,1,8,1
0.7664344310760498,0.08295750617980957,8.930045127868652,0.019858598709106445,9.716338157653809,5.221705913543701,1,1,8,1
0.7777276039123535,0.08358311653137207,8.933078050613403,0.019843101501464844,9.730648756027222,5.219586372375488,1,1,8,1
0.7920551300048828,0.08090972900390625,8.932472229003906,0.019610166549682617,9.744137525558472,5.211940288543701,1,1,8,1
0.767277717590332,0.0807337760925293,8.923283815383911,0.019805192947387695,9.71036672592163,5.220584392547607,1,1,8,1
0.7865660190582275,0.08254551887512207,8.92800235748291,0.019579172134399414,9.734147548675537,5.218698024749756,1,1,8,1
0.7912933826446533,0.08242082595825195,8.937790393829346,0.01999378204345703,9.749077558517456,5.224696397781372,1,1,8,1
0.7727787494659424,0.08049702644348145,8.922650575637817,0.019738435745239258,9.715167760848999,5.214076995849609,1,1,8,1
0.7700979709625244,0.08114433288574219,8.940105199813843,0.019898653030395508,9.730101823806763,5.223796367645264,1,1,8,1
0.7702291011810303,0.08207392692565918,8.930354595184326,0.01984381675720215,9.720427513122559,5.2232208251953125,1,1,8,1
0.7937166690826416,0.0824594497680664,8.928059816360474,0.019765138626098633,9.741541624069214,5.215487241744995,1,1,8,1
0.7789065837860107,0.08209633827209473,8.920055627822876,0.01965498924255371,9.71861720085144,5.217266321182251,1,1,8,1
0.7723698616027832,0.08175110816955566,8.932609796524048,0.01973867416381836,9.72471833229065,5.215372562408447,1,1,8,1
0.7755708694458008,0.08160400390625,8.938873291015625,0.01958465576171875,9.734028816223145,5.223623037338257,1,1,8,1
0.7886648178100586,0.08253240585327148,8.925322532653809,0.019861936569213867,9.733849287033081,5.21934175491333,1,1,8,1
0.7843892574310303,0.08231711387634277,8.93073320388794,0.019714832305908203,9.734837293624878,5.210458040237427,1,1,8,1
0.7868852615356445,0.07989788055419922,12.588913917541504,0.019942760467529297,13.395741939544678,7.744746685028076,1,1,9,1
0.7723453044891357,0.0796360969543457,12.585297107696533,0.01975250244140625,13.377394914627075,7.745271921157837,1,1,9,1
0.7694165706634521,0.08087754249572754,12.579704999923706,0.019547224044799805,13.368668794631958,7.740253210067749,1,1,9,1
0.771735429763794,0.07961058616638184,12.58828353881836,0.019829273223876953,13.37984824180603,7.746119737625122,1,1,9,1
0.7769219875335693,0.07990527153015137,12.592383623123169,0.019933223724365234,13.389238834381104,7.747988224029541,1,1,9,1
0.7836601734161377,0.07951140403747559,12.583955526351929,0.019761085510253906,13.38737678527832,7.743197679519653,1,1,9,1
0.7677657604217529,0.07962393760681152,12.572678565979004,0.01956009864807129,13.360004425048828,7.7406086921691895,1,1,9,1
0.7869620323181152,0.07974410057067871,12.57230019569397,0.01979660987854004,13.379058837890625,7.73749041557312,1,1,9,1
0.7816896438598633,0.08025860786437988,12.581974267959595,0.019867420196533203,13.383531332015991,7.74012303352356,1,1,9,1
0.7854974269866943,0.0798494815826416,12.592058420181274,0.0195462703704834,13.397102117538452,7.744608640670776,1,1,9,1
0.7846994400024414,0.08097243309020996,12.576570272445679,0.019768476486206055,13.381038188934326,7.751706600189209,1,1,9,1
0.773777961730957,0.0806434154510498,12.597346305847168,0.01959514617919922,13.390719413757324,7.748206377029419,1,1,9,1
0.7872140407562256,0.07972931861877441,12.58939814567566,0.019545555114746094,13.39615774154663,7.748772859573364,1,1,9,1
0.7696523666381836,0.07944369316101074,12.586253643035889,0.019817829132080078,13.375723838806152,7.738518953323364,1,1,9,1
0.7917251586914062,0.07931208610534668,12.58540415763855,0.019765615463256836,13.396894931793213,7.747097492218018,1,1,9,1
0.7850973606109619,0.07981467247009277,12.592325210571289,0.019665241241455078,13.397087812423706,7.751475811004639,1,1,9,1
0.7910943031311035,0.08037519454956055,12.581130504608154,0.019693851470947266,13.391918659210205,7.739760160446167,1,1,9,1
0.7869608402252197,0.07871246337890625,12.600241661071777,0.019823789596557617,13.407026290893555,7.744704008102417,1,1,9,1
0.7704558372497559,0.07900428771972656,12.576492309570312,0.01974010467529297,13.366688251495361,7.745829343795776,1,1,9,1
0.774885892868042,0.07952260971069336,12.590917825698853,0.019904375076293945,13.385708093643188,7.7418506145477295,1,1,9,1
0.7858006954193115,0.07834625244140625,16.24338698387146,0.01969432830810547,17.048882007598877,10.274648666381836,1,1,10,1
0.7887060642242432,0.07820796966552734,16.22841191291809,0.02002882957458496,17.03714680671692,10.269851446151733,1,1,10,1
0.7896506786346436,0.07785463333129883,16.24777626991272,0.019904136657714844,17.057331085205078,10.282950639724731,1,1,10,1
0.7790317535400391,0.0778193473815918,16.244256019592285,0.01952385902404785,17.042811632156372,10.27571988105774,1,1,10,1
0.7632174491882324,0.07718944549560547,16.22425651550293,0.019680500030517578,17.00715446472168,10.26092004776001,1,1,10,1
0.766002893447876,0.07736515998840332,16.216658115386963,0.01984095573425293,17.002501964569092,10.260695219039917,1,1,10,1
0.7830255031585693,0.07804584503173828,16.24581003189087,0.019564151763916016,17.048399686813354,10.273049354553223,1,1,10,1
0.7793161869049072,0.0787954330444336,16.21956753730774,0.019956588745117188,17.018840312957764,10.293648958206177,1,1,10,1
0.7834863662719727,0.07756924629211426,16.234419345855713,0.019815444946289062,17.037721157073975,10.27628779411316,1,1,10,1
0.7875027656555176,0.07768726348876953,16.21754217147827,0.019552946090698242,17.024597883224487,10.262722730636597,1,1,10,1
0.7936403751373291,0.0770409107208252,16.2273690700531,0.01982259750366211,17.040832042694092,10.260393619537354,1,1,10,1
0.7897863388061523,0.07727718353271484,16.21454644203186,0.01962113380432129,17.023953914642334,10.260891199111938,1,1,10,1
0.7678828239440918,0.07758402824401855,16.22437572479248,0.019671916961669922,17.011930465698242,10.272554397583008,1,1,10,1
0.7959489822387695,0.07865190505981445,16.246135711669922,0.019585371017456055,17.061670064926147,10.267880201339722,1,1,10,1
0.790942907333374,0.07784485816955566,16.223592281341553,0.01979374885559082,17.034328937530518,10.273351430892944,1,1,10,1
0.7901906967163086,0.07787394523620605,16.209946870803833,0.019703149795532227,17.019840717315674,10.260278701782227,1,1,10,1
0.7859714031219482,0.07790946960449219,16.23264479637146,0.019966840744018555,17.038583040237427,10.267040491104126,1,1,10,1
0.764676570892334,0.07879137992858887,16.23275399208069,0.01954364776611328,17.016974210739136,10.264841079711914,1,1,10,1
0.7728245258331299,0.07810235023498535,16.237757921218872,0.019568920135498047,17.0301513671875,10.26726508140564,1,1,10,1
0.7875697612762451,0.07616591453552246,16.22032070159912,0.019593000411987305,17.027483463287354,10.26024317741394,1,1,10,1
0.7676966190338135,0.07736682891845703,16.23673987388611,0.0199434757232666,17.02437996864319,10.28210186958313,1,1,11,1
0.786693811416626,0.07717537879943848,16.241514921188354,0.019664525985717773,17.0478732585907,10.256849765777588,1,1,11,1
0.7676825523376465,0.07725286483764648,16.228177309036255,0.019641637802124023,17.015501499176025,10.263571500778198,1,1,11,1
0.7723414897918701,0.07725167274475098,16.227237462997437,0.01969456672668457,17.01927351951599,10.263242721557617,1,1,11,1
0.7883000373840332,0.07827997207641602,16.234803438186646,0.01968240737915039,17.04278588294983,10.261067152023315,1,1,11,1
0.7777187824249268,0.07737493515014648,16.234208822250366,0.019667625427246094,17.03159523010254,10.26544976234436,1,1,11,1
0.770693302154541,0.07617974281311035,16.23656988143921,0.01959371566772461,17.026856899261475,10.26725435256958,1,1,11,1
0.7915387153625488,0.07734513282775879,16.238957405090332,0.019793272018432617,17.050289392471313,10.259114027023315,1,1,11,1
0.7891149520874023,0.07687544822692871,16.24492383003235,0.019901275634765625,17.053940057754517,10.277954339981079,1,1,11,1
0.7684760093688965,0.07815957069396973,16.22839069366455,0.019640207290649414,17.016506910324097,10.266720056533813,1,1,11,1
0.7894821166992188,0.07877469062805176,16.24822759628296,0.01998758316040039,17.057697296142578,10.272236347198486,1,1,11,1
0.791926383972168,0.0778050422668457,16.25449299812317,0.019925594329833984,17.06634497642517,10.28158450126648,1,1,11,1
0.7679500579833984,0.0775899887084961,16.22557783126831,0.019573688507080078,17.01310157775879,10.279906272888184,1,1,11,1
0.7887187004089355,0.0782005786895752,16.232465982437134,0.019695043563842773,17.040879726409912,10.267513275146484,1,1,11,1
0.7902061939239502,0.07753467559814453,16.227209329605103,0.019781827926635742,17.03719735145569,10.266262292861938,1,1,11,1
0.7784476280212402,0.07796907424926758,16.22557020187378,0.019596338272094727,17.023614168167114,10.26625919342041,1,1,11,1
0.7976744174957275,0.07751321792602539,16.25207805633545,0.01993584632873535,17.069688320159912,10.273073434829712,1,1,11,1
0.7786102294921875,0.07758378982543945,16.247493743896484,0.019555091857910156,17.045659065246582,10.280365467071533,1,1,11,1
0.7895455360412598,0.07755565643310547,16.242553234100342,0.019878149032592773,17.051976919174194,10.26851511001587,1,1,11,1
0.7811737060546875,0.07705974578857422,16.235575675964355,0.019959211349487305,17.03670859336853,10.272178173065186,1,1,11,1
0.7822699546813965,0.07241964340209961,31.011387586593628,0.01967763900756836,31.813335180282593,20.724107265472412,1,1,12,1
0.7742443084716797,0.07193827629089355,30.979806184768677,0.01977229118347168,31.773822784423828,20.686886310577393,1,1,12,1
0.7869729995727539,0.07302308082580566,30.996553421020508,0.019573211669921875,31.803099632263184,20.724684715270996,1,1,12,1
0.777726411819458,0.07284855842590332,30.995023727416992,0.019930362701416016,31.792680501937866,20.736173391342163,1,1,12,1
0.7788550853729248,0.07276701927185059,31.003424406051636,0.019938230514526367,31.802217721939087,20.714672803878784,1,1,12,1
0.7716984748840332,0.0722503662109375,30.99280285835266,0.02018594741821289,31.784687280654907,20.708406686782837,1,1,12,1
0.7880339622497559,0.07222890853881836,31.01071310043335,0.020096302032470703,31.818843364715576,20.710251331329346,1,1,12,1
0.7714004516601562,0.07237744331359863,30.97129535675049,0.019780874252319336,31.762476682662964,20.694955110549927,1,1,12,1
0.7713837623596191,0.07344269752502441,30.98689031600952,0.019729137420654297,31.778003215789795,20.7137770652771,1,1,12,1
0.7704713344573975,0.07332944869995117,30.982563257217407,0.019627094268798828,31.772661685943604,20.713550806045532,1,1,12,1
0.7663774490356445,0.07224655151367188,30.9863862991333,0.01998424530029297,31.77274799346924,20.72669005393982,1,1,12,1
0.7907319068908691,0.0726325511932373,31.01263117790222,0.01994943618774414,31.823312520980835,20.730385065078735,1,1,12,1
0.7737951278686523,0.0738682746887207,30.97918462753296,0.019861221313476562,31.772840976715088,20.70566749572754,1,1,12,1
0.7879297733306885,0.07201910018920898,31.01327419281006,0.019893646240234375,31.82109761238098,20.702611446380615,1,1,12,1
0.7883117198944092,0.07170438766479492,30.979255437850952,0.019734859466552734,31.787302017211914,20.708126544952393,1,1,12,1
0.7640676498413086,0.0721125602722168,30.98619055747986,0.019916534423828125,31.770174741744995,20.70106792449951,1,1,12,1
0.7799572944641113,0.07227659225463867,30.99447751045227,0.019861936569213867,31.794296741485596,20.702056884765625,1,1,12,1
0.7946887016296387,0.07242679595947266,31.002258777618408,0.01980423927307129,31.816751718521118,20.711222171783447,1,1,12,1
0.7714900970458984,0.07339763641357422,30.99376940727234,0.01994609832763672,31.785205602645874,20.701276063919067,1,1,12,1
0.7788035869598389,0.07296419143676758,30.983909845352173,0.01989006996154785,31.78260350227356,20.699179887771606,1,1,12,1
0.7714977264404297,0.06641101837158203,45.7391676902771,0.019782066345214844,46.530447483062744,31.142024517059326,1,1,13,1
0.7897162437438965,0.06724977493286133,45.751930236816406,0.01976633071899414,46.5614128112793,31.12723684310913,1,1,13,1
0.7884578704833984,0.06655168533325195,45.7597770690918,0.019649267196655273,46.56788420677185,31.173473119735718,1,1,13,1
0.7712879180908203,0.06721806526184082,45.75500226020813,0.019863128662109375,46.54615330696106,31.16755986213684,1,1,13,1
0.7907106876373291,0.06724858283996582,45.73799800872803,0.019896268844604492,46.54860496520996,31.13470959663391,1,1,13,1
0.7668211460113525,0.06618452072143555,45.73904848098755,0.01970958709716797,46.52557921409607,31.150697231292725,1,1,13,1
0.774298906326294,0.06594634056091309,45.776313066482544,0.019753456115722656,46.57036542892456,31.161320686340332,1,1,13,1
0.7678682804107666,0.06678342819213867,45.74974513053894,0.019725322723388672,46.537338733673096,31.152226209640503,1,1,13,1
0.7754364013671875,0.06707596778869629,45.77141761779785,0.019884109497070312,46.56673812866211,31.175240993499756,1,1,13,1
0.7744612693786621,0.06673693656921387,45.75034236907959,0.019864559173583984,46.544668197631836,31.16328716278076,1,1,13,1
0.7644157409667969,0.06757116317749023,45.79089117050171,0.01956915855407715,46.57487607002258,31.150306463241577,1,1,13,1
0.7880637645721436,0.06710553169250488,45.78559422492981,0.020125389099121094,46.593783378601074,31.191468715667725,1,1,13,1
0.7666962146759033,0.06673192977905273,45.7588324546814,0.01987290382385254,46.54540157318115,31.188879251480103,1,1,13,1
0.7732861042022705,0.06648612022399902,45.740474224090576,0.01968693733215332,46.533447265625,31.15263319015503,1,1,13,1
0.791759729385376,0.0677175521850586,45.75329828262329,0.01998734474182129,46.56504535675049,31.178484201431274,1,1,13,1
0.7853577136993408,0.06837773323059082,45.77480459213257,0.019592761993408203,46.57975506782532,31.161736965179443,1,1,13,1
0.7858095169067383,0.06633424758911133,45.76688241958618,0.019960880279541016,46.57265281677246,31.180790424346924,1,1,13,1
0.7786009311676025,0.06660294532775879,45.767287731170654,0.019650697708129883,46.56553936004639,31.161273956298828,1,1,13,1
0.7686634063720703,0.06693291664123535,45.7204647064209,0.01967644691467285,46.50880455970764,31.142051696777344,1,1,13,1
0.7769274711608887,0.06721377372741699,45.77526116371155,0.01997971534729004,46.57216835021973,31.17060685157776,1,1,13,1
0.7684323787689209,0.060521841049194336,60.486424922943115,0.019849777221679688,61.274707078933716,41.593737840652466,1,1,14,1
0.7773592472076416,0.061533451080322266,60.54241585731506,0.019988298416137695,61.33976340293884,41.60577583312988,1,1,14,1
0.7919905185699463,0.060692548751831055,60.52339959144592,0.019713878631591797,61.33510398864746,41.63679575920105,1,1,14,1
0.765186071395874,0.06199336051940918,60.49941873550415,0.01961493492126465,61.28421974182129,41.61805534362793,1,1,14,1
0.7891280651092529,0.06193375587463379,60.53330135345459,0.019944190979003906,61.34237360954285,41.6175422668457,1,1,14,1
0.7803640365600586,0.06086993217468262,60.52415871620178,0.01964092254638672,61.32416367530823,41.621068716049194,1,1,14,1
0.7872860431671143,0.06215071678161621,60.4792914390564,0.019687414169311523,61.28626489639282,41.57690095901489,1,1,14,1
0.786271333694458,0.06104278564453125,60.50290107727051,0.01969742774963379,61.3088698387146,41.62515473365784,1,1,14,1
0.7664611339569092,0.06139016151428223,60.52598786354065,0.02000713348388672,61.312456130981445,41.613112449645996,1,1,14,1
0.7710542678833008,0.061057329177856445,60.53645348548889,0.01985645294189453,61.32736420631409,41.61726760864258,1,1,14,1
0.7792325019836426,0.061434268951416016,60.52307677268982,0.019800424575805664,61.32210969924927,41.57115578651428,1,1,14,1
0.773759126663208,0.06180381774902344,60.506694078445435,0.019757986068725586,61.30021119117737,41.59764051437378,1,1,14,1
0.7676661014556885,0.061365365982055664,60.48937964439392,0.019787073135375977,61.276832818984985,41.58684468269348,1,1,14,1
0.7916390895843506,0.06147408485412598,60.5139262676239,0.01983022689819336,61.325395584106445,41.60260534286499,1,1,14,1
0.769005298614502,0.06097769737243652,60.502400636672974,0.01990342140197754,61.29130935668945,41.593308210372925,1,1,14,1
0.7706212997436523,0.061136722564697266,60.535900592803955,0.019916772842407227,61.326438665390015,41.57978582382202,1,1,14,1
0.782825231552124,0.06136584281921387,60.49556517601013,0.01968526840209961,61.298075675964355,41.56601691246033,1,1,14,1
0.7704968452453613,0.061177968978881836,60.50131344795227,0.019634723663330078,61.29144501686096,41.58780074119568,1,1,14,1
0.7687256336212158,0.06125044822692871,60.52277898788452,0.01988983154296875,61.311394453048706,41.64099478721619,1,1,14,1
0.7859282493591309,0.06129193305969238,60.49722909927368,0.019760608673095703,61.30291795730591,41.59119462966919,1,1,14,1
0.7703893184661865,0.057861328125,67.86306381225586,0.0198976993560791,68.65335083007812,46.80048680305481,1,1,15,1
0.7850942611694336,0.05838489532470703,67.874920129776,0.0195767879486084,68.67959117889404,46.79646825790405,1,1,15,1
0.7824516296386719,0.057587385177612305,67.85641145706177,0.019960880279541016,68.65882396697998,46.83682632446289,1,1,15,1
0.7718522548675537,0.05782318115234375,67.8786051273346,0.01978778839111328,68.67024517059326,46.78861999511719,1,1,15,1
0.7733347415924072,0.0583500862121582,67.88379621505737,0.019575119018554688,68.67670607566833,46.838541984558105,1,1,15,1
0.7669413089752197,0.057857513427734375,67.85178518295288,0.01980280876159668,68.6385293006897,46.806458711624146,1,1,15,1
0.7666118144989014,0.05799698829650879,67.9111442565918,0.01950979232788086,68.69726586341858,46.86981439590454,1,1,15,1
0.7688865661621094,0.057633399963378906,67.85113859176636,0.019684314727783203,68.63970947265625,46.80332040786743,1,1,15,1
0.771733283996582,0.05798935890197754,67.8817229270935,0.01974034309387207,68.67319655418396,46.82569742202759,1,1,15,1
0.7907955646514893,0.05823993682861328,67.88927054405212,0.019940614700317383,68.70000672340393,46.85968565940857,1,1,15,1
0.7910792827606201,0.05778861045837402,67.91677570343018,0.019910335540771484,68.72776532173157,46.834033250808716,1,1,15,1
0.7733070850372314,0.05766749382019043,67.90802907943726,0.020075559616088867,68.70141172409058,46.81259036064148,1,1,15,1
0.7650163173675537,0.05826854705810547,67.8715238571167,0.019623279571533203,68.65616345405579,46.8184540271759,1,1,15,1
0.7893586158752441,0.05846428871154785,67.89308381080627,0.019620418548583984,68.7020628452301,46.826005935668945,1,1,15,1
0.7693827152252197,0.05836629867553711,67.86533522605896,0.01990985870361328,68.6546277999878,46.87031674385071,1,1,15,1
0.7806892395019531,0.05792427062988281,67.84671401977539,0.019596576690673828,68.64699983596802,46.78758478164673,1,1,15,1
0.7827577590942383,0.058571577072143555,67.90699696540833,0.019947528839111328,68.70970225334167,46.82742238044739,1,1,15,1
0.7767908573150635,0.05803346633911133,67.87008595466614,0.019832372665405273,68.6667091846466,46.78704380989075,1,1,15,1
0.7888281345367432,0.058255910873413086,67.92345595359802,0.019987106323242188,68.73227119445801,46.834330797195435,1,1,15,1
0.7938365936279297,0.05746960639953613,67.92436337471008,0.019957542419433594,68.73815751075745,46.86401081085205,1,1,15,1
0.7786037921905518,0.057403564453125,67.91859292984009,0.019646883010864258,68.7168436050415,46.857845306396484,1,1,16,1
0.7752244472503662,0.05757021903991699,67.87454152107239,0.019678592681884766,68.66944456100464,46.79685831069946,1,1,16,1
0.7889833450317383,0.0575563907623291,67.89547729492188,0.019887208938598633,68.70434784889221,46.83074951171875,1,1,16,1
0.7724356651306152,0.05777382850646973,67.90162825584412,0.020033836364746094,68.69409775733948,46.848904609680176,1,1,16,1
0.7884583473205566,0.057894229888916016,67.90368413925171,0.019930124282836914,68.7120726108551,46.783557176589966,1,1,16,1
0.7811856269836426,0.05724644660949707,67.91432738304138,0.01971721649169922,68.71523022651672,46.79097366333008,1,1,16,1
0.7727878093719482,0.0575108528137207,67.87862515449524,0.01973557472229004,68.67114853858948,46.825982093811035,1,1,16,1
0.789478063583374,0.05740666389465332,67.87746691703796,0.01983928680419922,68.68678426742554,46.79809641838074,1,1,16,1
0.7811124324798584,0.05730795860290527,67.91280674934387,0.019904136657714844,68.71382331848145,46.796252727508545,1,1,16,1
0.768118143081665,0.057787179946899414,67.85420083999634,0.019659042358398438,68.6419780254364,46.83379673957825,1,1,16,1
0.7776267528533936,0.05783843994140625,67.8952989578247,0.019627094268798828,68.6925528049469,46.852959871292114,1,1,16,1
0.7873833179473877,0.057500600814819336,67.8639919757843,0.019622087478637695,68.67099738121033,46.79987359046936,1,1,16,1
0.7653160095214844,0.05752968788146973,67.86995911598206,0.01973438262939453,68.65500950813293,46.83163332939148,1,1,16,1
0.7906279563903809,0.05732536315917969,67.90619444847107,0.019703388214111328,68.71652579307556,46.851237297058105,1,1,16,1
0.7664461135864258,0.05754494667053223,67.87772631645203,0.01971125602722168,68.66388368606567,46.82200479507446,1,1,16,1
0.768521785736084,0.0577394962310791,67.86228895187378,0.019802093505859375,68.65061283111572,46.82993769645691,1,1,16,1
0.7689146995544434,0.05784749984741211,67.85084700584412,0.019860506057739258,68.6396222114563,46.79838728904724,1,1,16,1
0.7715110778808594,0.05755329132080078,67.85995483398438,0.01965498924255371,68.65112090110779,46.81649374961853,1,1,16,1
0.7822730541229248,0.05733156204223633,67.8951952457428,0.01985001564025879,68.69731831550598,46.86506748199463,1,1,16,1
0.7785303592681885,0.05745410919189453,67.90987205505371,0.01949477195739746,68.7078971862793,46.82309055328369,1,1,16,1
0.7816376686096191,0.05229687690734863,82.8472421169281,0.01975226402282715,83.64863204956055,57.48814868927002,1,1,17,1
0.7721426486968994,0.05268526077270508,82.80975413322449,0.019929170608520508,83.60182595252991,57.46648335456848,1,1,17,1
0.7794642448425293,0.052111148834228516,82.86394667625427,0.020052433013916016,83.66346335411072,57.46052622795105,1,1,17,1
0.7867567539215088,0.052190303802490234,82.84199595451355,0.019771099090576172,83.64852380752563,57.44967842102051,1,1,17,1
0.7899518013000488,0.05226778984069824,82.82630705833435,0.019770383834838867,83.63602924346924,57.42001032829285,1,1,17,1
0.7838578224182129,0.05247974395751953,82.88025665283203,0.01997518539428711,83.68408966064453,57.49777603149414,1,1,17,1
0.7693367004394531,0.052304983139038086,82.86240243911743,0.01990985870361328,83.6516489982605,57.467190742492676,1,1,17,1
0.7779903411865234,0.0527188777923584,82.8185453414917,0.019901752471923828,83.61643743515015,57.42062473297119,1,1,17,1
0.7877733707427979,0.05234694480895996,82.86489295959473,0.01961970329284668,83.67228603363037,57.44692325592041,1,1,17,1
0.7943594455718994,0.052411794662475586,82.84986710548401,0.01985955238342285,83.66408610343933,57.46033763885498,1,1,17,1
0.7748699188232422,0.052347421646118164,82.8878242969513,0.01963043212890625,83.68232464790344,57.473729610443115,1,1,17,1
0.7877860069274902,0.052794694900512695,82.84568238258362,0.019867658615112305,83.65333604812622,57.43319296836853,1,1,17,1
0.7756507396697998,0.05234932899475098,82.80886673927307,0.019994735717773438,83.60451221466064,57.455206871032715,1,1,17,1
0.7847745418548584,0.0519864559173584,82.80106329917908,0.01995682716369629,83.60579466819763,57.407790660858154,1,1,17,1
0.7921888828277588,0.0522770881652832,82.84838819503784,0.019582271575927734,83.66015934944153,57.45346403121948,1,1,17,1
0.7753875255584717,0.051946401596069336,82.85643815994263,0.019867420196533203,83.65169310569763,57.48073482513428,1,1,17,1
0.773134708404541,0.052262067794799805,82.82098698616028,0.019622325897216797,83.61374402046204,57.439404249191284,1,1,17,1
0.7859530448913574,0.05182003974914551,82.8727285861969,0.019968748092651367,83.67865037918091,57.472033739089966,1,1,17,1
0.7900481224060059,0.052411794662475586,82.86404132843018,0.019663572311401367,83.67375302314758,57.49118638038635,1,1,17,1
0.7866246700286865,0.05285763740539551,82.81548237800598,0.019849777221679688,83.62195682525635,57.44250702857971,1,1,17,1
0.7663760185241699,0.04682016372680664,97.82352948188782,0.019989013671875,98.60989451408386,68.11287689208984,1,1,18,1
0.7902164459228516,0.046607017517089844,97.7985668182373,0.019817113876342773,98.6086003780365,68.07784962654114,1,1,18,1
0.7787277698516846,0.046775102615356445,97.82601833343506,0.019905567169189453,98.62465167045593,68.09494853019714,1,1,18,1
0.7823915481567383,0.04703998565673828,97.81586813926697,0.019609451293945312,98.61786913871765,68.09025144577026,1,1,18,1
0.7722058296203613,0.04666900634765625,97.78739762306213,0.0196990966796875,98.57930254936218,68.0554609298706,1,1,18,1
0.7927701473236084,0.04719209671020508,97.83165407180786,0.019685745239257812,98.64410996437073,68.06500005722046,1,1,18,1
0.7888269424438477,0.047078847885131836,97.81977224349976,0.02014327049255371,98.62874245643616,68.11455702781677,1,1,18,1
0.7784876823425293,0.04692530632019043,97.77456045150757,0.019803285598754883,98.57285141944885,68.06321120262146,1,1,18,1
0.7678217887878418,0.04717516899108887,97.7900779247284,0.019906044006347656,98.57780575752258,68.10680675506592,1,1,18,1
0.7751672267913818,0.046775102615356445,97.83322286605835,0.01973247528076172,98.6281225681305,68.10508966445923,1,1,18,1
0.7872250080108643,0.04720735549926758,97.83297801017761,0.019867420196533203,98.64007043838501,68.0697934627533,1,1,18,1
0.783454418182373,0.04712986946105957,97.79960632324219,0.01974201202392578,98.60280275344849,68.08855390548706,1,1,18,1
0.7665286064147949,0.0467984676361084,97.78381514549255,0.01980423927307129,98.57014799118042,68.08716249465942,1,1,18,1
0.7731499671936035,0.047158241271972656,97.76252603530884,0.019820451736450195,98.55549645423889,68.08155298233032,1,1,18,1
0.7848801612854004,0.04640698432922363,97.82974529266357,0.02001500129699707,98.63464045524597,68.1168372631073,1,1,18,1
0.7718825340270996,0.04704737663269043,97.83047461509705,0.020209312438964844,98.62256646156311,68.15267086029053,1,1,18,1
0.7781665325164795,0.04679131507873535,97.80664610862732,0.019944190979003906,98.6047568321228,68.07190990447998,1,1,18,1
0.7673814296722412,0.04676628112792969,97.81716012954712,0.01974940299987793,98.60429096221924,68.14465832710266,1,1,18,1
0.7891461849212646,0.04710030555725098,97.83908104896545,0.020046234130859375,98.64827346801758,68.0731143951416,1,1,18,1
0.7715296745300293,0.04696965217590332,97.77288818359375,0.019934892654418945,98.5643527507782,68.09198546409607,1,1,18,1
0.7878437042236328,0.04170370101928711,112.79879832267761,0.019733905792236328,113.60637593269348,78.76514077186584,1,1,19,1
0.7885653972625732,0.04181313514709473,112.77042603492737,0.019804954528808594,113.57879638671875,78.77859425544739,1,1,19,1
0.7777647972106934,0.04159855842590332,112.70362734794617,0.019846439361572266,113.50123858451843,78.73825478553772,1,1,19,1
0.7703473567962646,0.04151725769042969,112.76496005058289,0.019849300384521484,113.55515670776367,78.74587893486023,1,1,19,1
0.7993621826171875,0.04166984558105469,112.76864886283875,0.020051956176757812,113.58806300163269,78.72648453712463,1,1,19,1
0.7774889469146729,0.04172873497009277,112.80813407897949,0.02003622055053711,113.6056592464447,78.740389585495,1,1,19,1
0.791511058807373,0.04163360595703125,112.72422528266907,0.019984960556030273,113.53572130203247,78.70846581459045,1,1,19,1
0.7752139568328857,0.04150056838989258,112.72283124923706,0.020006179809570312,113.51805138587952,78.7438497543335,1,1,19,1
0.7755947113037109,0.04175972938537598,112.7335958480835,0.01992654800415039,113.52911710739136,78.71817231178284,1,1,19,1
0.7630689144134521,0.04162931442260742,112.73671889305115,0.019848346710205078,113.5196361541748,78.71631097793579,1,1,19,1
0.7682955265045166,0.041516780853271484,112.73538613319397,0.020160198211669922,113.52384185791016,78.70495653152466,1,1,19,1
0.7861974239349365,0.0418086051940918,112.8012843132019,0.019950389862060547,113.6074321269989,78.72415280342102,1,1,19,1
0.7699103355407715,0.0412602424621582,112.71529650688171,0.01982569694519043,113.50503253936768,78.72961926460266,1,1,19,1
0.7772314548492432,0.04182791709899902,112.7746524810791,0.0200197696685791,113.57190370559692,78.75745892524719,1,1,19,1
0.7664809226989746,0.0417172908782959,112.71848773956299,0.020184040069580078,113.50515270233154,78.72899079322815,1,1,19,1
0.7677807807922363,0.04160499572753906,112.7259407043457,0.019902467727661133,113.5136239528656,78.71506834030151,1,1,19,1
0.7905924320220947,0.04240727424621582,112.78897094726562,0.01990342140197754,113.5994668006897,78.7664806842804,1,1,19,1
0.7867560386657715,0.04213571548461914,112.76538634300232,0.019931554794311523,113.5720739364624,78.67970108985901,1,1,19,1
0.7836129665374756,0.04164242744445801,112.78345656394958,0.020040273666381836,113.58710980415344,78.72106075286865,1,1,19,1
0.7789356708526611,0.04177045822143555,112.73369359970093,0.019775867462158203,113.53240513801575,78.72387290000916,1,1,19,1
0.7860658168792725,0.03875112533569336,120.20130896568298,0.019860029220581055,121.00723481178284,84.04431486129761,1,1,20,1
0.77085280418396,0.03877758979797363,120.25720572471619,0.0201265811920166,121.04818511009216,84.07764291763306,1,1,20,1
0.7840955257415771,0.03790402412414551,120.18105149269104,0.020216941833496094,120.98536396026611,84.02132081985474,1,1,20,1
0.780897855758667,0.038202762603759766,120.18349838256836,0.020046710968017578,120.98444294929504,84.00912046432495,1,1,20,1
0.7685236930847168,0.038419485092163086,120.1945276260376,0.02001357078552246,120.98306488990784,84.04561924934387,1,1,20,1
0.7880079746246338,0.03885149955749512,120.23034763336182,0.019823312759399414,121.03817892074585,84.05694937705994,1,1,20,1
0.7948911190032959,0.038637399673461914,120.25090551376343,0.01978302001953125,121.06557965278625,84.02511954307556,1,1,20,1
0.7767508029937744,0.03875613212585449,120.26952195167542,0.020093441009521484,121.06636619567871,84.10387229919434,1,1,20,1
0.7657468318939209,0.038756608963012695,120.18115901947021,0.019749164581298828,120.96665501594543,84.03115558624268,1,1,20,1
0.7687711715698242,0.038324594497680664,120.18036150932312,0.019746780395507812,120.96887946128845,84.08769297599792,1,1,20,1
0.781527042388916,0.038588762283325195,120.26219987869263,0.01993083953857422,121.06365776062012,84.10397171974182,1,1,20,1
0.7913908958435059,0.03821587562561035,120.19698214530945,0.01999831199645996,121.00837135314941,84.04975008964539,1,1,20,1
0.7735443115234375,0.03845548629760742,120.24297952651978,0.019723176956176758,121.03624701499939,84.09182024002075,1,1,20,1
0.765805721282959,0.038430213928222656,120.25640797615051,0.01981639862060547,121.04203009605408,84.06636953353882,1,1,20,1
0.7924544811248779,0.03800034523010254,120.2465467453003,0.020046472549438477,121.05904769897461,84.11925315856934,1,1,20,1
0.782538890838623,0.03855609893798828,120.23178291320801,0.019695520401000977,121.03401732444763,84.03258037567139,1,1,20,1
0.774388313293457,0.038339853286743164,120.29081749916077,0.020092248916625977,121.08529806137085,84.04867386817932,1,1,20,1
0.7730567455291748,0.038249969482421875,120.23961806297302,0.02019190788269043,121.03286671638489,84.04994988441467,1,1,20,1
0.7893128395080566,0.038645267486572266,120.25452375411987,0.01999044418334961,121.06382703781128,84.03513813018799,1,1,20,1
0.7902250289916992,0.03831911087036133,120.19995760917664,0.019839763641357422,121.01002240180969,84.0442545413971,1,1,20,1
0.789379358291626,0.03788638114929199,120.30694103240967,0.020118236541748047,121.11643862724304,84.06398463249207,1,1,21,1
0.7730400562286377,0.03768301010131836,120.28612208366394,0.02025318145751953,121.0794153213501,84.0862169265747,1,1,21,1
0.7919754981994629,0.03772473335266113,120.22466397285461,0.020070552825927734,121.03671002388,84.0212619304657,1,1,21,1
0.7916097640991211,0.037619590759277344,120.20193099975586,0.02001166343688965,121.01355242729187,84.04451489448547,1,1,21,1
0.7724316120147705,0.03801608085632324,120.22787833213806,0.019881725311279297,121.02019166946411,84.05439639091492,1,1,21,1
0.7930135726928711,0.03779959678649902,120.22610998153687,0.019835472106933594,121.03895902633667,84.060879945755,1,1,21,1
0.765681266784668,0.037485361099243164,120.25394129753113,0.01996135711669922,121.0395839214325,84.08166170120239,1,1,21,1
0.7916178703308105,0.037935733795166016,120.22680473327637,0.019745588302612305,121.03816819190979,84.05321264266968,1,1,21,1
0.7838833332061768,0.037447214126586914,120.27113580703735,0.02005481719970703,121.07507395744324,84.05529499053955,1,1,21,1
0.7772910594940186,0.03769946098327637,120.23136615753174,0.01990532875061035,121.02856254577637,84.05621242523193,1,1,21,1
0.7691857814788818,0.03796887397766113,120.26850438117981,0.019754886627197266,121.05744504928589,84.0345208644867,1,1,21,1
0.7766711711883545,0.03754281997680664,120.30280303955078,0.020145177841186523,121.09961938858032,84.0549566745758,1,1,21,1
0.7695839405059814,0.03775835037231445,120.21261024475098,0.019857168197631836,121.00205135345459,84.06619572639465,1,1,21,1
0.7757606506347656,0.038019657135009766,120.30980491638184,0.020090341567993164,121.1056559085846,84.0449230670929,1,1,21,1
0.7796635627746582,0.0375828742980957,120.27163887023926,0.020133256912231445,121.07143568992615,84.03786158561707,1,1,21,1
0.7851955890655518,0.03786921501159668,120.23097109794617,0.020060300827026367,121.03622698783875,84.09470629692078,1,1,21,1
0.7866761684417725,0.03762173652648926,120.22191262245178,0.01999974250793457,121.02858853340149,84.04534196853638,1,1,21,1
0.7878336906433105,0.03762412071228027,120.24990916252136,0.02005314826965332,121.05779600143433,84.05811905860901,1,1,21,1
0.7662103176116943,0.0381617546081543,120.20357775688171,0.020011425018310547,120.98979949951172,84.03929162025452,1,1,21,1
0.7699623107910156,0.037352800369262695,120.22034168243408,0.019905805587768555,121.01020979881287,84.04145932197571,1,1,21,1
0.7871456146240234,0.031540870666503906,135.32208132743835,0.020045757293701172,136.12927269935608,94.81056690216064,1,1,22,1
0.7893240451812744,0.03165411949157715,135.34458923339844,0.01987004280090332,136.15378332138062,94.77707195281982,1,1,22,1
0.7712762355804443,0.03162574768066406,135.36966371536255,0.02000594139099121,136.16094589233398,94.82232284545898,1,1,22,1
0.7960689067840576,0.03171586990356445,135.4203987121582,0.020132064819335938,136.2365996837616,94.8522515296936,1,1,22,1
0.7902247905731201,0.031819820404052734,135.33878922462463,0.01989436149597168,136.14890837669373,94.78775572776794,1,1,22,1
0.7793140411376953,0.031948089599609375,135.3394911289215,0.020111799240112305,136.13891696929932,94.80698299407959,1,1,22,1
0.7721753120422363,0.03157234191894531,135.3789927959442,0.019998788833618164,136.17116689682007,94.80237936973572,1,1,22,1
0.7597696781158447,0.03154182434082031,135.37316966056824,0.01983189582824707,136.15277123451233,94.86564540863037,1,1,22,1
0.7759349346160889,0.031485795974731445,135.43644976615906,0.020094871520996094,136.23247957229614,94.88155698776245,1,1,22,1
0.7677953243255615,0.031655311584472656,135.37573194503784,0.019869327545166016,136.16339659690857,94.85296320915222,1,1,22,1
0.7773935794830322,0.031670331954956055,135.41996240615845,0.02024102210998535,136.21759700775146,94.88013672828674,1,1,22,1
0.7730340957641602,0.03171849250793457,135.41296005249023,0.019797325134277344,136.20579147338867,94.8204698562622,1,1,22,1
0.7703511714935303,0.031636953353881836,135.4251971244812,0.020145177841186523,136.21569347381592,94.87370347976685,1,1,22,1
0.7868096828460693,0.031696319580078125,135.38413166999817,0.020082473754882812,136.19102382659912,94.8544511795044,1,1,22,1
0.7930471897125244,0.03160524368286133,135.3197329044342,0.019984960556030273,136.13276505470276,94.81206154823303,1,1,22,1
0.7675566673278809,0.03175544738769531,135.3388330936432,0.01997661590576172,136.12636637687683,94.82309937477112,1,1,22,1
0.7728514671325684,0.03182387351989746,135.42483067512512,0.020211219787597656,136.2178933620453,94.88710570335388,1,1,22,1
0.7820243835449219,0.03148078918457031,135.40031361579895,0.01972031593322754,136.2020583152771,94.86540007591248,1,1,22,1
0.7919464111328125,0.03182840347290039,135.42255544662476,0.020105838775634766,136.2346076965332,94.82404160499573,1,1,22,1
0.7776098251342773,0.03168201446533203,135.3481469154358,0.019934654235839844,136.1456913948059,94.88919973373413,1,1,22,1
0.7727193832397461,0.027502775192260742,142.98656129837036,0.0201418399810791,143.7794225215912,100.25645232200623,1,1,23,1
0.7691586017608643,0.027627944946289062,142.93412113189697,0.019937753677368164,143.7232174873352,100.20494341850281,1,1,23,1
0.7853145599365234,0.027518510818481445,142.93543529510498,0.02006053924560547,143.7408103942871,100.17244458198547,1,1,23,1
0.7673521041870117,0.027562856674194336,142.97665882110596,0.019985675811767578,143.76399660110474,100.34788703918457,1,1,23,1
0.7755405902862549,0.027562379837036133,142.948157787323,0.02014756202697754,143.74384593963623,100.28224492073059,1,1,23,1
0.7772436141967773,0.02769160270690918,142.97505688667297,0.019860267639160156,143.7721607685089,100.25072479248047,1,1,23,1
0.7791566848754883,0.027544736862182617,142.92891764640808,0.01996302604675293,143.72803735733032,100.26185464859009,1,1,23,1
0.7873573303222656,0.027492761611938477,142.9666130542755,0.02019047737121582,143.774160861969,100.24922323226929,1,1,23,1
0.7902946472167969,0.02755451202392578,142.9174361228943,0.019983291625976562,143.72771406173706,100.26588535308838,1,1,23,1
0.7897884845733643,0.027346372604370117,142.98343896865845,0.020178794860839844,143.79340624809265,100.25085186958313,1,1,23,1
0.7761702537536621,0.027596712112426758,142.97452569007874,0.01982879638671875,143.77052474021912,100.27392053604126,1,1,23,1
0.7632315158843994,0.027550697326660156,142.90568327903748,0.020002365112304688,143.68891716003418,100.19522953033447,1,1,23,1
0.7652854919433594,0.02744436264038086,142.92171835899353,0.019925355911254883,143.70692920684814,100.21805453300476,1,1,23,1
0.7940950393676758,0.027437210083007812,142.9151794910431,0.019837617874145508,143.7291121482849,100.21215510368347,1,1,23,1
0.7741482257843018,0.027629613876342773,142.9902482032776,0.020078420639038086,143.78447484970093,100.24880862236023,1,1,23,1
0.7895288467407227,0.027593612670898438,142.96672177314758,0.01990532875061035,143.77615594863892,100.17097640037537,1,1,23,1
0.792020320892334,0.02763223648071289,142.99382424354553,0.020181655883789062,143.80602622032166,100.22926473617554,1,1,23,1
0.7833032608032227,0.027548789978027344,143.018550157547,0.020277976989746094,143.82213139533997,100.27646327018738,1,1,23,1
0.7869253158569336,0.02754521369934082,143.02339458465576,0.020273208618164062,143.83059310913086,100.22385263442993,1,1,23,1
0.7627897262573242,0.0277101993560791,142.94501280784607,0.020323991775512695,143.7281265258789,100.25455284118652,1,1,23,1
0.7894771099090576,0.025777578353881836,142.97515273094177,0.02020406723022461,143.78483390808105,100.236403465271,1,1,24,1
0.7750344276428223,0.02571892738342285,142.96866822242737,0.019886255264282227,143.76358890533447,100.25408911705017,1,1,24,1
0.7868199348449707,0.025892972946166992,143.03531217575073,0.020328998565673828,143.84246110916138,100.26033401489258,1,1,24,1
0.7898414134979248,0.025885820388793945,143.0165729522705,0.01990485191345215,143.82631921768188,100.26448607444763,1,1,24,1
0.7880780696868896,0.02553725242614746,142.96079349517822,0.019842147827148438,143.76871371269226,100.20816254615784,1,1,24,1
0.7736315727233887,0.025897741317749023,142.98058938980103,0.020046234130859375,143.77426719665527,100.20399141311646,1,1,24,1
0.7921435832977295,0.025809288024902344,142.97945284843445,0.020037174224853516,143.79163360595703,100.2747392654419,1,1,24,1
0.7843320369720459,0.025805950164794922,143.05615043640137,0.020189285278320312,143.86067175865173,100.30937147140503,1,1,24,1
0.7725441455841064,0.025760412216186523,142.96080493927002,0.019955873489379883,143.7533049583435,100.22239065170288,1,1,24,1
0.7667641639709473,0.025757551193237305,142.96497559547424,0.02002263069152832,143.75176239013672,100.23825716972351,1,1,24,1
0.7917947769165039,0.02580714225769043,142.97525215148926,0.019791841506958008,143.78683876991272,100.19482827186584,1,1,24,1
0.7818143367767334,0.025774717330932617,143.0639147758484,0.0200808048248291,143.86580991744995,100.26865792274475,1,1,24,1
0.7904958724975586,0.02563762664794922,142.96331214904785,0.0198819637298584,143.77368998527527,100.27971529960632,1,1,24,1
0.7865087985992432,0.025715112686157227,142.97256994247437,0.019875049591064453,143.77895379066467,100.2922420501709,1,1,24,1
0.7891104221343994,0.025622844696044922,142.98690843582153,0.020037174224853516,143.7960560321808,100.23077321052551,1,1,24,1
0.7893450260162354,0.025693893432617188,142.97711849212646,0.01989150047302246,143.78635501861572,100.22745966911316,1,1,24,1
0.772585391998291,0.025695323944091797,143.03714394569397,0.019816875457763672,143.82954621315002,100.24708127975464,1,1,24,1
0.7886204719543457,0.02577972412109375,142.96528315544128,0.01987290382385254,143.77377653121948,100.21402645111084,1,1,24,1
0.7689802646636963,0.025883197784423828,142.97033596038818,0.020016908645629883,143.7593331336975,100.29628229141235,1,1,24,1
0.77008056640625,0.025807857513427734,143.0027391910553,0.019793272018432617,143.79261302947998,100.2335934638977,1,1,24,1
0.7693240642547607,0.01753830909729004,158.30562329292297,0.020236968994140625,159.09518432617188,111.16148471832275,1,1,25,1
0.7896251678466797,0.017721891403198242,158.3763406276703,0.019959211349487305,159.18592500686646,111.17739224433899,1,1,25,1
0.7747976779937744,0.017587661743164062,158.2901291847229,0.020029306411743164,159.08495616912842,111.15351438522339,1,1,25,1
0.7681572437286377,0.01765584945678711,158.35164165496826,0.020145654678344727,159.13994455337524,111.16072511672974,1,1,25,1
0.772946834564209,0.017693758010864258,158.30575919151306,0.02019500732421875,159.0989010334015,111.17586040496826,1,1,25,1
0.7714216709136963,0.017649412155151367,158.27442479133606,0.020184040069580078,159.06603050231934,111.16866731643677,1,1,25,1
0.7920639514923096,0.017778635025024414,158.3236768245697,0.01996922492980957,159.13571000099182,111.17927408218384,1,1,25,1
0.7652678489685059,0.017751693725585938,158.3402214050293,0.0199582576751709,159.12544751167297,111.17582201957703,1,1,25,1
0.7737083435058594,0.01751232147216797,158.31509971618652,0.020246028900146484,159.10905408859253,111.16695666313171,1,1,25,1
0.7940776348114014,0.017652034759521484,158.37227082252502,0.02030205726623535,159.18665051460266,111.23535251617432,1,1,25,1
0.7673311233520508,0.0176849365234375,158.2993245124817,0.0200502872467041,159.08670592308044,111.13636660575867,1,1,25,1
0.7808241844177246,0.017688512802124023,158.37165999412537,0.02031731605529785,159.1728014945984,111.227135181427,1,1,25,1
0.7875967025756836,0.01775360107421875,158.34275150299072,0.020306825637817383,159.15065503120422,111.20316338539124,1,1,25,1
0.7840473651885986,0.017690181732177734,158.3898730278015,0.019895076751708984,159.19381546974182,111.21941781044006,1,1,25,1
0.7733793258666992,0.017889022827148438,158.2893192768097,0.020189762115478516,159.08288836479187,111.17021417617798,1,1,25,1
0.7917144298553467,0.01768660545349121,158.37327075004578,0.019903182983398438,159.18488836288452,111.19470524787903,1,1,25,1
0.7800908088684082,0.017621517181396484,158.25889253616333,0.020060062408447266,159.05904340744019,111.1645359992981,1,1,25,1
0.769639253616333,0.017725706100463867,158.36133241653442,0.02004861831665039,159.1510202884674,111.13070440292358,1,1,25,1
0.7820444107055664,0.017683982849121094,158.3808798789978,0.020282983779907227,159.18320727348328,111.22530031204224,1,1,25,1
0.7791523933410645,0.01766657829284668,158.3226716518402,0.020333528518676758,159.12215757369995,111.22939777374268,1,1,25,1
0.7754201889038086,0.22197198867797852,159.04647541046143,0.02014613151550293,159.84204173088074,111.63888645172119,1,1,26,1
0.7841484546661377,0.2514641284942627,159.12993693351746,0.02051234245300293,159.9345977306366,111.74025964736938,1,1,26,1
0.7969963550567627,0.23810124397277832,159.08113956451416,0.01990509033203125,159.89804100990295,111.93843746185303,1,1,26,1
0.7724955081939697,0.2433156967163086,159.5492513179779,0.019917964935302734,160.34166479110718,111.76627373695374,1,1,26,1
0.7663073539733887,0.24547314643859863,159.4088089466095,0.020069360733032227,160.19518566131592,111.87215328216553,1,1,26,1
0.7827794551849365,0.24496054649353027,159.2428684234619,0.02008533477783203,160.04573321342468,111.71861028671265,1,1,26,1
0.7898917198181152,0.24187994003295898,159.11067461967468,0.020394563674926758,159.92096090316772,111.78877878189087,1,1,26,1
0.797252893447876,0.2537691593170166,159.3987488746643,0.020082473754882812,160.21608424186707,111.82297825813293,1,1,26,1
0.77498459815979,0.24582624435424805,159.11732816696167,0.02000880241394043,159.9123215675354,111.74633407592773,1,1,26,1
0.7732155323028564,0.24242687225341797,159.10324811935425,0.020072460174560547,159.89653611183167,111.67915678024292,1,1,26,1
0.789348840713501,0.238905668258667,159.15833115577698,0.0203399658203125,159.9680199623108,111.8349335193634,1,1,26,1
0.770359992980957,0.24281024932861328,159.02969241142273,0.020285606384277344,159.82033801078796,111.65967059135437,1,1,26,1
0.782158374786377,0.24176383018493652,159.01507210731506,0.020273447036743164,159.81750392913818,111.67425298690796,1,1,26,1
0.7807676792144775,0.24428009986877441,159.24921798706055,0.020309925079345703,160.05029559135437,111.68268775939941,1,1,26,1
0.7722241878509521,0.2434682846069336,159.13268446922302,0.02034282684326172,159.92525148391724,111.69346356391907,1,1,26,1
0.7716856002807617,0.2477412223815918,159.03739881515503,0.020209074020385742,159.82929348945618,111.74969434738159,1,1,26,1
0.7623414993286133,0.2601006031036377,159.05480933189392,0.020025253295898438,159.83717608451843,111.7554624080658,1,1,26,1
0.7751302719116211,0.24219536781311035,159.03746151924133,0.020129919052124023,159.83272171020508,111.70129871368408,1,1,26,1
0.7769439220428467,0.24280261993408203,159.1735873222351,0.019995927810668945,159.97052717208862,111.72812628746033,1,1,26,1
0.7731614112854004,0.24169492721557617,159.04884576797485,0.02003002166748047,159.84203720092773,111.74214386940002,1,1,26,1
